Burning Time; Firing Node; Firing Neuron; Burning Node; Burning Neuron;External Source; From Internal State; To Internal State; Step in State; Post Synaptic Weight; Pre Synaptic Weight; Instant to Fire; (Afferent) Firing Time
0.2; 0; 100; 0; 0; true; 0.0564056472094265; 0.1314056472094265; 0.075; 1; 0.075;-1;0.2
0.2; 0; 149; 0; 49; true; 0.2011804749145857; 0.2761804749145857; 0.075; 1; 0.075;-1;0.2
0.2; 0; 101; 0; 1; true; 0.2161881891872053; 0.2911881891872053; 0.075; 1; 0.075;-1;0.2
0.2; 0; 103; 0; 3; true; 0.448392066677812; 0.5233920666778119; 0.075; 1; 0.075;-1;0.2
0.2; 0; 107; 0; 7; true; 0.9569264481022859; 1.0319264481022858; 0.075; 1; 0.075;-1;0.2
0.2; 0; 115; 0; 15; true; 0.3582956589687933; 0.4332956589687934; 0.075; 1; 0.075;-1;0.2
0.2; 0; 131; 0; 31; true; 0.5626903364451882; 0.6376903364451881; 0.075; 1; 0.075;-1;0.2
0.2; 0; 132; 0; 32; true; 0.1238617734345963; 0.1988617734345963; 0.075; 1; 0.075;-1;0.2
0.2; 0; 116; 0; 16; true; 0.0671207194537469; 0.1421207194537469; 0.075; 1; 0.075;-1;0.2
0.2; 0; 133; 0; 33; true; 0.91601578968535; 0.99101578968535; 0.075; 1; 0.075;-1;0.2
0.2; 0; 134; 0; 34; true; 0.694255459111722; 0.769255459111722; 0.075; 1; 0.075;-1;0.2
0.2; 0; 108; 0; 8; true; 0.5348144900019252; 0.6098144900019251; 0.075; 1; 0.075;-1;0.2
0.2; 0; 117; 0; 17; true; 0.4531398104939031; 0.528139810493903; 0.075; 1; 0.075;-1;0.2
0.2; 0; 135; 0; 35; true; 0; 0.075; 0.075; 1; 0.075;-1;0.2
0.2; 0; 136; 0; 36; true; 0.0486702978744182; 0.1236702978744182; 0.075; 1; 0.075;-1;0.2
0.2; 0; 118; 0; 18; true; 0.4343774419928866; 0.5093774419928866; 0.075; 1; 0.075;-1;0.2
0.2; 0; 137; 0; 37; true; 0.320441170865542; 0.395441170865542; 0.075; 1; 0.075;-1;0.2
0.2; 0; 138; 0; 38; true; 0.3257011688570587; 0.4007011688570587; 0.075; 1; 0.075;-1;0.2
0.2; 0; 104; 0; 4; true; 0.7275803669529972; 0.8025803669529972; 0.075; 1; 0.075;-1;0.2
0.2; 0; 109; 0; 9; true; 0.7338756321992851; 0.808875632199285; 0.075; 1; 0.075;-1;0.2
0.2; 0; 119; 0; 19; true; 0.8054017730258569; 0.8804017730258569; 0.075; 1; 0.075;-1;0.2
0.2; 0; 139; 0; 39; true; 0.6404441872686971; 0.7154441872686971; 0.075; 1; 0.075;-1;0.2
0.2; 0; 140; 0; 40; true; 0.1395174676031653; 0.2145174676031653; 0.075; 1; 0.075;-1;0.2
0.2; 1; 100; 1; 0; true; 0.8588160663165226; 0.9328160663165226; 0.074; 1; 0.074;-1;0.2
0.2; 2; 100; 2; 0; true; 0.8608197745967996; 0.9348197745967995; 0.074; 1; 0.074;-1;0.2
0.2; 1; 139; 1; 39; true; 0.1678843736511667; 0.2418843736511667; 0.074; 1; 0.074;-1;0.2
0.2; 0; 120; 0; 20; true; 0.3520652684868919; 0.4270652684868919; 0.075; 1; 0.075;-1;0.2
0.2; 1; 101; 1; 1; true; 0.1808916420611639; 0.2548916420611639; 0.074; 1; 0.074;-1;0.2
0.2; 1; 103; 1; 3; true; 0.4119362204145645; 0.4859362204145645; 0.074; 1; 0.074;-1;0.2
0.2; 1; 107; 1; 7; true; 0.9078318470333689; 0.9818318470333689; 0.074; 1; 0.074;-1;0.2
0.2; 1; 115; 1; 15; true; 0.1550900769634472; 0.2290900769634472; 0.074; 1; 0.074;-1;0.2
0.2; 1; 131; 1; 31; true; 0.5497283303665207; 0.6237283303665206; 0.074; 1; 0.074;-1;0.2
0.2; 1; 132; 1; 32; true; 0.6295998878550385; 0.7035998878550385; 0.074; 1; 0.074;-1;0.2
0.2; 1; 116; 1; 16; true; 0.0630001661866248; 0.1370001661866247; 0.074; 1; 0.074;-1;0.2
0.2; 1; 133; 1; 33; true; 0.9788760292242633; 1.0528760292242634; 0.074; 1; 0.074;19.112161421174324;0.2
0.2; 1; 134; 1; 34; true; 0.2172010398354302; 0.2912010398354302; 0.074; 1; 0.074;-1;0.2
0.2; 1; 108; 1; 8; true; 0.1472530460226736; 0.2212530460226736; 0.074; 1; 0.074;-1;0.2
0.2; 1; 117; 1; 17; true; 0.8925786420155186; 0.9665786420155186; 0.074; 1; 0.074;-1;0.2
0.2; 1; 135; 1; 35; true; 0.5378902972692551; 0.611890297269255; 0.074; 1; 0.074;-1;0.2
0.2; 1; 136; 1; 36; true; 0.906883211183416; 0.9808832111834159; 0.074; 1; 0.074;-1;0.2
0.2; 1; 118; 1; 18; true; 0.2135571509792247; 0.2875571509792247; 0.074; 1; 0.074;-1;0.2
0.2; 1; 137; 1; 37; true; 0.4730759084796998; 0.5470759084796998; 0.074; 1; 0.074;-1;0.2
0.2; 1; 138; 1; 38; true; 0.0388224007666507; 0.1128224007666507; 0.074; 1; 0.074;-1;0.2
0.2; 1; 104; 1; 4; true; 0.8430821870263333; 0.9170821870263333; 0.074; 1; 0.074;-1;0.2
0.2; 1; 109; 1; 9; true; 0.7264109545921222; 0.8004109545921222; 0.074; 1; 0.074;-1;0.2
0.2; 1; 119; 1; 19; true; 0.4011749074687004; 0.4751749074687004; 0.074; 1; 0.074;-1;0.2
0.2; 1; 120; 1; 20; true; 0.7400883061037024; 0.8140883061037023; 0.074; 1; 0.074;-1;0.2
0.2; 1; 110; 1; 10; true; 0.7474305593532716; 0.8214305593532716; 0.074; 1; 0.074;-1;0.2
0.2; 1; 121; 1; 21; true; 0.836423317967366; 0.910423317967366; 0.074; 1; 0.074;-1;0.2
0.2; 1; 122; 1; 22; true; 0.2360836112232265; 0.3100836112232265; 0.074; 1; 0.074;-1;0.2
0.2; 1; 102; 1; 2; true; 0.5038280116498652; 0.5778280116498652; 0.074; 1; 0.074;-1;0.2
0.2; 1; 105; 1; 5; true; 0.100233786061633; 0.174233786061633; 0.074; 1; 0.074;-1;0.2
0.2; 1; 111; 1; 11; true; 0.1256659901802848; 0.1996659901802848; 0.074; 1; 0.074;-1;0.2
0.2; 1; 123; 1; 23; true; 0.0635906809255865; 0.1375906809255865; 0.074; 1; 0.074;-1;0.2
0.2; 1; 124; 1; 24; true; 0.6918755526166863; 0.7658755526166863; 0.074; 1; 0.074;-1;0.2
0.2; 1; 112; 1; 12; true; 0.0877470318847341; 0.1617470318847341; 0.074; 1; 0.074;-1;0.2
0.2; 1; 125; 1; 25; true; 0.7880069377764529; 0.8620069377764529; 0.074; 1; 0.074;-1;0.2
0.2; 1; 126; 1; 26; true; 0.271456399883089; 0.345456399883089; 0.074; 1; 0.074;-1;0.2
0.2; 1; 106; 1; 6; true; 0.2699893309735543; 0.3439893309735543; 0.074; 1; 0.074;-1;0.2
0.2; 1; 113; 1; 13; true; 0.5637809212321647; 0.6377809212321647; 0.074; 1; 0.074;-1;0.2
0.2; 2; 139; 2; 39; true; 0.9574195003053294; 1.0314195003053295; 0.074; 1; 0.074;-1;0.2
0.2; 1; 127; 1; 27; true; 0; 0.074; 0.074; 1; 0.074;-1;0.2
0.2; 2; 101; 2; 1; true; 0.7986203551731831; 0.872620355173183; 0.074; 1; 0.074;-1;0.2
0.2; 1; 128; 1; 28; true; 0.6340455771071981; 0.7080455771071981; 0.074; 1; 0.074;-1;0.2
0.2; 2; 103; 2; 3; true; 0.0425126100801622; 0.1165126100801622; 0.074; 1; 0.074;-1;0.2
0.2; 2; 107; 2; 7; true; 0.4302488425623345; 0.5042488425623345; 0.074; 1; 0.074;-1;0.2
0.2; 2; 115; 2; 15; true; 0.5748094554184263; 0.6488094554184263; 0.074; 1; 0.074;-1;0.2
0.2; 0; 141; 0; 41; true; 0.8525609957156843; 0.9275609957156843; 0.075; 1; 0.075;-1;0.2
0.2; 2; 131; 2; 31; true; 0.2091047695527951; 0.2831047695527951; 0.074; 1; 0.074;-1;0.2
0.2; 2; 132; 2; 32; true; 0.7652939488167985; 0.8392939488167984; 0.074; 1; 0.074;-1;0.2
0.2; 2; 116; 2; 16; true; 0.7318255170601117; 0.8058255170601116; 0.074; 1; 0.074;-1;0.2
0.2; 0; 142; 0; 42; true; 0.60248065483305; 0.67748065483305; 0.075; 1; 0.075;-1;0.2
0.2; 1; 114; 1; 14; true; 0.6857116938002639; 0.7597116938002638; 0.074; 1; 0.074;-1;0.2
0.2; 0; 110; 0; 10; true; 0.7649262896109216; 0.8399262896109215; 0.075; 1; 0.075;-1;0.2
0.2; 1; 129; 1; 29; true; 0.1496351552608763; 0.2236351552608764; 0.074; 1; 0.074;-1;0.2
0.2; 0; 121; 0; 21; true; 0.3530893326072555; 0.4280893326072555; 0.075; 1; 0.075;-1;0.2
0.2; 1; 130; 1; 30; true; 0.8226789482197272; 0.8966789482197272; 0.074; 1; 0.074;-1;0.2
0.2; 2; 133; 2; 33; true; 0.8198917493627738; 0.8938917493627737; 0.074; 1; 0.074;-1;0.2
1.2; 1; 129; 1; 29; true; 0.1536351552608763; 0.2276351552608764; 0.074; 1; 0.074;-1;1.2
0.2; 2; 134; 2; 34; true; 0.5056632003302495; 0.5796632003302494; 0.074; 1; 0.074;-1;0.2
1.2; 1; 130; 1; 30; true; 0.8266789482197272; 0.9006789482197272; 0.074; 1; 0.074;-1;1.2
0.2; 2; 108; 2; 8; true; 0.0982184214944619; 0.1722184214944619; 0.074; 1; 0.074;-1;0.2
1.2; 1; 110; 1; 10; true; 0.7514305593532715; 0.8254305593532715; 0.074; 1; 0.074;-1;1.2
1.2; 1; 136; 1; 36; true; 0.910883211183416; 0.9848832111834159; 0.074; 1; 0.074;-1;1.2
1.2; 1; 131; 1; 31; true; 0.5537283303665206; 0.6277283303665205; 0.074; 1; 0.074;-1;1.2
1.2; 1; 101; 1; 1; true; 0.1848916420611639; 0.2588916420611639; 0.074; 1; 0.074;-1;1.2
1.2; 1; 100; 1; 0; true; 0.8628160663165225; 0.9368160663165225; 0.074; 1; 0.074;-1;1.2
1.2; 1; 139; 1; 39; true; 0.1718843736511667; 0.2458843736511667; 0.074; 1; 0.074;-1;1.2
1.2; 1; 115; 1; 15; true; 0.1590900769634472; 0.2330900769634472; 0.074; 1; 0.074;-1;1.2
1.2; 1; 103; 1; 3; true; 0.4159362204145645; 0.4899362204145645; 0.074; 1; 0.074;-1;1.2
1.2; 1; 107; 1; 7; true; 0.9118318470333688; 0.9858318470333688; 0.074; 1; 0.074;-1;1.2
1.2; 1; 135; 1; 35; true; 0.541890297269255; 0.6158902972692549; 0.074; 1; 0.074;-1;1.2
1.2; 1; 132; 1; 32; true; 0.6335998878550384; 0.7075998878550384; 0.074; 1; 0.074;-1;1.2
1.2; 1; 116; 1; 16; true; 0.0670001661866247; 0.1410001661866248; 0.074; 1; 0.074;-1;1.2
1.2; 1; 117; 1; 17; true; 0.8965786420155186; 0.9705786420155186; 0.074; 1; 0.074;-1;1.2
1.2; 1; 134; 1; 34; true; 0.2212010398354302; 0.2952010398354302; 0.074; 1; 0.074;-1;1.2
1.2; 1; 108; 1; 8; true; 0.1512530460226736; 0.2252530460226737; 0.074; 1; 0.074;-1;1.2
0.2; 0; 143; 0; 43; true; 0.5157257264521858; 0.5907257264521858; 0.075; 1; 0.075;-1;0.2
0.2; 0; 144; 0; 44; true; 0.8453089869162381; 0.9203089869162381; 0.075; 1; 0.075;-1;0.2
0.2; 0; 122; 0; 22; true; 0.7454545580737074; 0.8204545580737074; 0.075; 1; 0.075;-1;0.2
0.2; 0; 145; 0; 45; true; 0.3045682553542298; 0.3795682553542298; 0.075; 1; 0.075;-1;0.2
0.2; 0; 146; 0; 46; true; 0.1442464527443987; 0.2192464527443987; 0.075; 1; 0.075;-1;0.2
0.2; 0; 102; 0; 2; true; 0.8077972191218926; 0.8827972191218926; 0.075; 1; 0.075;-1;0.2
0.2; 2; 117; 2; 17; true; 0.2489768340144874; 0.3229768340144875; 0.074; 1; 0.074;-1;0.2
0.2; 2; 135; 2; 35; true; 0.0746230101804069; 0.1486230101804069; 0.074; 1; 0.074;-1;0.2
0.2; 2; 136; 2; 36; true; 0.4863479667829335; 0.5603479667829334; 0.074; 1; 0.074;-1;0.2
0.2; 2; 118; 2; 18; true; 0.136562884016976; 0.210562884016976; 0.074; 1; 0.074;-1;0.2
0.2; 2; 137; 2; 37; true; 0.1722279414586511; 0.2462279414586511; 0.074; 1; 0.074;-1;0.2
0.2; 2; 138; 2; 38; true; 0.4602463691108596; 0.5342463691108595; 0.074; 1; 0.074;-1;0.2
0.2; 2; 104; 2; 4; true; 0.5560941347564823; 0.6300941347564822; 0.074; 1; 0.074;-1;0.2
0.2; 2; 109; 2; 9; true; 0.1518797273590223; 0.2258797273590223; 0.074; 1; 0.074;-1;0.2
0.2; 2; 119; 2; 19; true; 0.0240681272467345; 0.0980681272467345; 0.074; 1; 0.074;-1;0.2
1.2; 1; 120; 1; 20; true; 0.7440883061037022; 0.8180883061037022; 0.074; 1; 0.074;-1;1.2
0.2; 0; 105; 0; 5; true; 0.6453760864749718; 0.7203760864749718; 0.075; 1; 0.075;-1;0.2
1.2; 1; 138; 1; 38; true; 0.0428224007666507; 0.1168224007666507; 0.074; 1; 0.074;-1;1.2
0.2; 0; 111; 0; 11; true; 0.2119549447058765; 0.2869549447058765; 0.075; 1; 0.075;-1;0.2
0.2; 2; 120; 2; 20; true; 0.6752790485434881; 0.749279048543488; 0.074; 1; 0.074;-1;0.2
0.2; 0; 123; 0; 23; true; 0.129582116838638; 0.204582116838638; 0.075; 1; 0.075;-1;0.2
1.2; 1; 118; 1; 18; true; 0.2175571509792247; 0.2915571509792247; 0.074; 1; 0.074;-1;1.2
1.2; 1; 133; 1; 33; true; 1.0558279917474325; 1.1298279917474325; 0.074; 1; 0.074;8.902499180187588;1.2
1.2; 1; 137; 1; 37; true; 0.4770759084796998; 0.5510759084796998; 0.074; 1; 0.074;-1;1.2
1.2; 1; 119; 1; 19; true; 0.4051749074687004; 0.4791749074687005; 0.074; 1; 0.074;-1;1.2
1.2; 1; 104; 1; 4; true; 0.8470821870263332; 0.9210821870263332; 0.074; 1; 0.074;-1;1.2
1.2; 1; 109; 1; 9; true; 0.7304109545921222; 0.8044109545921222; 0.074; 1; 0.074;-1;1.2
1.2; 1; 114; 1; 14; true; 0.6897116938002639; 0.7637116938002638; 0.074; 1; 0.074;-1;1.2
1.2; 1; 124; 1; 24; true; 0.6958755526166862; 0.7698755526166862; 0.074; 1; 0.074;-1;1.2
0.2; 0; 147; 0; 47; true; 0.192750160866207; 0.267750160866207; 0.075; 1; 0.075;-1;0.2
0.2; 0; 148; 0; 48; true; 0.1293886418198597; 0.2043886418198597; 0.075; 1; 0.075;-1;0.2
1.2; 1; 102; 1; 2; true; 0.5078280116498652; 0.5818280116498652; 0.074; 1; 0.074;-1;1.2
0.2; 0; 124; 0; 24; true; 0.8460282265220912; 0.9210282265220912; 0.075; 1; 0.075;-1;0.2
0.2; 0; 112; 0; 12; true; 0.9782211574241491; 1.053221157424149; 0.075; 1; 0.075;18.989519965348435;0.2
0.2; 2; 110; 2; 10; true; 0.8976190851717274; 0.9716190851717273; 0.074; 1; 0.074;-1;0.2
0.2; 0; 125; 0; 25; true; 0.3529592814852573; 0.4279592814852574; 0.075; 1; 0.075;-1;0.2
0.2; 2; 121; 2; 21; true; 0.3298818134139019; 0.4038818134139019; 0.074; 1; 0.074;-1;0.2
0.2; 2; 122; 2; 22; true; 0.1743370846835208; 0.2483370846835208; 0.074; 1; 0.074;-1;0.2
0.2; 2; 102; 2; 2; true; 0.7492960848552263; 0.8232960848552262; 0.074; 1; 0.074;-1;0.2
0.2; 2; 105; 2; 5; true; 0.081538290672311; 0.155538290672311; 0.074; 1; 0.074;-1;0.2
0.2; 2; 111; 2; 11; true; 0.0949129184490794; 0.1689129184490794; 0.074; 1; 0.074;-1;0.2
0.2; 2; 123; 2; 23; true; 0.1703667305307972; 0.2443667305307972; 0.074; 1; 0.074;-1;0.2
0.2; 2; 124; 2; 24; true; 0.6065826485524861; 0.6805826485524861; 0.074; 1; 0.074;-1;0.2
0.2; 2; 112; 2; 12; true; 0.9252034296688657; 0.9992034296688657; 0.074; 1; 0.074;-1;0.2
0.2; 2; 125; 2; 25; true; 0.9571196977427405; 1.0311196977427406; 0.074; 1; 0.074;-1;0.2
0.2; 2; 126; 2; 26; true; 0.2680192304714778; 0.3420192304714778; 0.074; 1; 0.074;-1;0.2
0.2; 2; 106; 2; 6; true; 0.7006072843951552; 0.7746072843951551; 0.074; 1; 0.074;-1;0.2
0.2; 2; 113; 2; 13; true; 0.108637335391364; 0.182637335391364; 0.074; 1; 0.074;-1;0.2
0.2; 2; 127; 2; 27; true; 0.6498247132625872; 0.7238247132625871; 0.074; 1; 0.074;-1;0.2
0.2; 2; 128; 2; 28; true; 0.6007447498500125; 0.6747447498500124; 0.074; 1; 0.074;-1;0.2
0.2; 2; 114; 2; 14; true; 0.4183247228349091; 0.4923247228349091; 0.074; 1; 0.074;-1;0.2
0.2; 2; 129; 2; 29; true; 0.2838458644471377; 0.3578458644471377; 0.074; 1; 0.074;-1;0.2
0.2; 2; 130; 2; 30; true; 0.8420010392760351; 0.916001039276035; 0.074; 1; 0.074;-1;0.2
1.2; 2; 129; 2; 29; true; 0.2878458644471377; 0.3618458644471377; 0.074; 1; 0.074;-1;1.2
1.2; 2; 130; 2; 30; true; 0.8460010392760351; 0.920001039276035; 0.074; 1; 0.074;-1;1.2
1.2; 2; 110; 2; 10; true; 0.9016190851717274; 0.9756190851717274; 0.074; 1; 0.074;-1;1.2
1.2; 2; 136; 2; 36; true; 0.4903479667829334; 0.5643479667829334; 0.074; 1; 0.074;-1;1.2
1.2; 2; 131; 2; 31; true; 0.2131047695527951; 0.2871047695527951; 0.074; 1; 0.074;-1;1.2
1.2; 2; 101; 2; 1; true; 0.802620355173183; 0.8766203551731829; 0.074; 1; 0.074;-1;1.2
1.2; 2; 100; 2; 0; true; 0.8648197745967996; 0.9388197745967996; 0.074; 1; 0.074;-1;1.2
1.2; 2; 139; 2; 39; true; 0.9614195003053294; 1.0354195003053295; 0.074; 1; 0.074;-1;1.2
1.2; 2; 115; 2; 15; true; 0.5788094554184262; 0.6528094554184262; 0.074; 1; 0.074;-1;1.2
0.2; 0; 126; 0; 26; true; 0.9399214468588322; 1.0149214468588321; 0.075; 1; 0.075;-1;0.2
1.2; 2; 103; 2; 3; true; 0.0465126100801622; 0.1205126100801622; 0.074; 1; 0.074;-1;1.2
1.2; 2; 107; 2; 7; true; 0.4342488425623345; 0.5082488425623345; 0.074; 1; 0.074;-1;1.2
1.2; 2; 135; 2; 35; true; 0.0786230101804068; 0.1526230101804069; 0.074; 1; 0.074;-1;1.2
1.2; 1; 121; 1; 21; true; 0.8404233179673659; 0.9144233179673659; 0.074; 1; 0.074;-1;1.2
0.2; 0; 106; 0; 6; true; 0.6602212311427351; 0.7352212311427351; 0.075; 1; 0.075;-1;0.2
1.2; 2; 133; 2; 33; true; 0.8238917493627738; 0.8978917493627737; 0.074; 1; 0.074;-1;1.2
0.2; 0; 113; 0; 13; true; 0.0329537402693313; 0.1079537402693313; 0.075; 1; 0.075;-1;0.2
0.2; 0; 127; 0; 27; true; 0.9398264151798733; 1.0148264151798734; 0.075; 1; 0.075;-1;0.2
0.2; 0; 128; 0; 28; true; 0.8379347583251149; 0.9129347583251148; 0.075; 1; 0.075;-1;0.2
0.2; 0; 114; 0; 14; true; 0.5843551892644923; 0.6593551892644922; 0.075; 1; 0.075;-1;0.2
0.2; 0; 129; 0; 29; true; 0.4131119378532905; 0.4881119378532905; 0.075; 1; 0.075;-1;0.2
0.2; 0; 130; 0; 30; true; 0.9344350744114773; 1.0094350744114773; 0.075; 1; 0.075;-1;0.2
1.2; 0; 129; 0; 29; true; 0.4181119378532905; 0.4931119378532905; 0.075; 1; 0.075;-1;1.2
1.2; 0; 130; 0; 30; true; 0.9394350744114772; 1.0144350744114772; 0.075; 1; 0.075;-1;1.2
1.2; 0; 122; 0; 22; true; 0.7504545580737074; 0.8254545580737074; 0.075; 1; 0.075;-1;1.2
1.2; 0; 136; 0; 36; true; 0.0536702978744182; 0.1286702978744182; 0.075; 1; 0.075;-1;1.2
1.2; 0; 131; 0; 31; true; 0.5676903364451882; 0.6426903364451881; 0.075; 1; 0.075;-1;1.2
1.2; 0; 101; 0; 1; true; 0.2211881891872053; 0.2961881891872053; 0.075; 1; 0.075;-1;1.2
1.2; 0; 100; 0; 0; true; 0.0614056472094265; 0.1364056472094266; 0.075; 1; 0.075;-1;1.2
1.2; 0; 149; 0; 49; true; 0.2061804749145857; 0.2811804749145857; 0.075; 1; 0.075;-1;1.2
1.2; 0; 115; 0; 15; true; 0.3632956589687933; 0.4382956589687934; 0.075; 1; 0.075;-1;1.2
1.2; 0; 103; 0; 3; true; 0.4533920666778119; 0.5283920666778119; 0.075; 1; 0.075;-1;1.2
1.2; 0; 107; 0; 7; true; 0.9619264481022858; 1.0369264481022857; 0.075; 1; 0.075;-1;1.2
1.2; 0; 135; 0; 35; true; 0.005; 0.08; 0.075; 1; 0.075;-1;1.2
1.2; 0; 133; 0; 33; true; 0.9210157896853499; 0.9960157896853499; 0.075; 1; 0.075;-1;1.2
1.2; 0; 132; 0; 32; true; 0.1288617734345963; 0.2038617734345963; 0.075; 1; 0.075;-1;1.2
1.2; 0; 116; 0; 16; true; 0.0721207194537469; 0.1471207194537469; 0.075; 1; 0.075;-1;1.2
1.2; 0; 117; 0; 17; true; 0.458139810493903; 0.533139810493903; 0.075; 1; 0.075;-1;1.2
1.2; 0; 134; 0; 34; true; 0.6992554591117219; 0.7742554591117219; 0.075; 1; 0.075;-1;1.2
1.2; 0; 108; 0; 8; true; 0.539814490001925; 0.614814490001925; 0.075; 1; 0.075;-1;1.2
1.2; 0; 144; 0; 44; true; 0.8503089869162381; 0.9253089869162381; 0.075; 1; 0.075;-1;1.2
1.2; 0; 139; 0; 39; true; 0.6454441872686971; 0.7204441872686971; 0.075; 1; 0.075;-1;1.2
1.2; 0; 138; 0; 38; true; 0.3307011688570587; 0.4057011688570587; 0.075; 1; 0.075;-1;1.2
1.2; 0; 118; 0; 18; true; 0.4393774419928866; 0.5143774419928866; 0.075; 1; 0.075;-1;1.2
1.2; 0; 137; 0; 37; true; 0.325441170865542; 0.400441170865542; 0.075; 1; 0.075;-1;1.2
1.2; 0; 119; 0; 19; true; 0.8104017730258568; 0.8854017730258568; 0.075; 1; 0.075;-1;1.2
1.2; 0; 104; 0; 4; true; 0.7325803669529971; 0.8075803669529971; 0.075; 1; 0.075;-1;1.2
1.2; 0; 109; 0; 9; true; 0.7388756321992851; 0.813875632199285; 0.075; 1; 0.075;-1;1.2
1.2; 0; 143; 0; 43; true; 0.5207257264521858; 0.5957257264521858; 0.075; 1; 0.075;-1;1.2
1.2; 0; 141; 0; 41; true; 0.8575609957156842; 0.9325609957156842; 0.075; 1; 0.075;-1;1.2
1.2; 0; 140; 0; 40; true; 0.1445174676031653; 0.2195174676031653; 0.075; 1; 0.075;-1;1.2
1.2; 0; 120; 0; 20; true; 0.3570652684868919; 0.4320652684868919; 0.075; 1; 0.075;-1;1.2
1.2; 0; 121; 0; 21; true; 0.3580893326072555; 0.4330893326072555; 0.075; 1; 0.075;-1;1.2
1.2; 0; 142; 0; 42; true; 0.60748065483305; 0.68248065483305; 0.075; 1; 0.075;-1;1.2
1.2; 0; 110; 0; 10; true; 0.7699262896109216; 0.8449262896109215; 0.075; 1; 0.075;-1;1.2
1.2; 0; 114; 0; 14; true; 0.5893551892644922; 0.6643551892644921; 0.075; 1; 0.075;-1;1.2
1.2; 0; 124; 0; 24; true; 0.8510282265220912; 0.9260282265220912; 0.075; 1; 0.075;-1;1.2
1.2; 0; 111; 0; 11; true; 0.2169549447058765; 0.2919549447058765; 0.075; 1; 0.075;-1;1.2
1.2; 0; 102; 0; 2; true; 0.8127972191218926; 0.8877972191218926; 0.075; 1; 0.075;-1;1.2
1.2; 0; 145; 0; 45; true; 0.3095682553542298; 0.3845682553542298; 0.075; 1; 0.075;-1;1.2
1.2; 0; 146; 0; 46; true; 0.1492464527443987; 0.2242464527443987; 0.075; 1; 0.075;-1;1.2
1.2; 0; 105; 0; 5; true; 0.6503760864749717; 0.7253760864749716; 0.075; 1; 0.075;-1;1.2
1.2; 0; 112; 0; 12; true; 1.0562128715079364; 1.1312128715079364; 0.075; 1; 0.075;8.821203533675545;1.2
1.2; 0; 148; 0; 48; true; 0.1343886418198597; 0.2093886418198597; 0.075; 1; 0.075;-1;1.2
1.2; 0; 123; 0; 23; true; 0.134582116838638; 0.209582116838638; 0.075; 1; 0.075;-1;1.2
1.2; 0; 147; 0; 47; true; 0.197750160866207; 0.272750160866207; 0.075; 1; 0.075;-1;1.2
1.2; 0; 128; 0; 28; true; 0.8429347583251148; 0.9179347583251147; 0.075; 1; 0.075;-1;1.2
1.2; 0; 126; 0; 26; true; 0.9449214468588321; 1.019921446858832; 0.075; 1; 0.075;-1;1.2
1.2; 0; 125; 0; 25; true; 0.3579592814852574; 0.4329592814852574; 0.075; 1; 0.075;-1;1.2
1.2; 0; 127; 0; 27; true; 0.9448264151798733; 1.0198264151798733; 0.075; 1; 0.075;-1;1.2
1.2; 0; 106; 0; 6; true; 0.665221231142735; 0.740221231142735; 0.075; 1; 0.075;-1;1.2
1.2; 0; 113; 0; 13; true; 0.0379537402693313; 0.1129537402693313; 0.075; 1; 0.075;-1;1.2
2.2; 0; 106; 0; 6; true; 0.6702212311427349; 0.7452212311427349; 0.075; 1; 0.075;-1;2.2
2.2; 0; 113; 0; 13; true; 0.0429537402693313; 0.1179537402693313; 0.075; 1; 0.075;-1;2.2
2.2; 0; 121; 0; 21; true; 0.3630893326072555; 0.4380893326072555; 0.075; 1; 0.075;-1;2.2
2.2; 0; 116; 0; 16; true; 0.0771207194537469; 0.1521207194537469; 0.075; 1; 0.075;-1;2.2
2.2; 0; 100; 0; 0; true; 0.0664056472094265; 0.1414056472094265; 0.075; 1; 0.075;-1;2.2
2.2; 0; 122; 0; 22; true; 0.7554545580737073; 0.8304545580737073; 0.075; 1; 0.075;-1;2.2
2.2; 0; 129; 0; 29; true; 0.4231119378532905; 0.4981119378532905; 0.075; 1; 0.075;-1;2.2
2.2; 0; 130; 0; 30; true; 0.9444350744114771; 1.019435074411477; 0.075; 1; 0.075;-1;2.2
2.2; 0; 101; 0; 1; true; 0.2261881891872053; 0.3011881891872053; 0.075; 1; 0.075;-1;2.2
2.2; 0; 136; 0; 36; true; 0.0586702978744182; 0.1336702978744182; 0.075; 1; 0.075;-1;2.2
2.2; 0; 131; 0; 31; true; 0.5726903364451881; 0.647690336445188; 0.075; 1; 0.075;-1;2.2
2.2; 0; 132; 0; 32; true; 0.1338617734345963; 0.2088617734345963; 0.075; 1; 0.075;-1;2.2
2.2; 0; 103; 0; 3; true; 0.4583920666778119; 0.5333920666778119; 0.075; 1; 0.075;-1;2.2
2.2; 0; 149; 0; 49; true; 0.2111804749145857; 0.2861804749145857; 0.075; 1; 0.075;-1;2.2
2.2; 0; 115; 0; 15; true; 0.3682956589687933; 0.4432956589687934; 0.075; 1; 0.075;-1;2.2
2.2; 0; 133; 0; 33; true; 0.9260157896853498; 1.0010157896853498; 0.075; 1; 0.075;-1;2.2
2.2; 0; 107; 0; 7; true; 0.9669264481022857; 1.0419264481022856; 0.075; 1; 0.075;26.05129304443714;2.2
2.2; 0; 135; 0; 35; true; 0.01; 0.085; 0.075; 1; 0.075;-1;2.2
2.2; 0; 120; 0; 20; true; 0.3620652684868919; 0.4370652684868919; 0.075; 1; 0.075;-1;2.2
2.2; 0; 118; 0; 18; true; 0.4443774419928866; 0.5193774419928866; 0.075; 1; 0.075;-1;2.2
2.2; 0; 108; 0; 8; true; 0.544814490001925; 0.6198144900019249; 0.075; 1; 0.075;-1;2.2
2.2; 0; 117; 0; 17; true; 0.463139810493903; 0.538139810493903; 0.075; 1; 0.075;-1;2.2
2.2; 0; 134; 0; 34; true; 0.7042554591117218; 0.7792554591117218; 0.075; 1; 0.075;-1;2.2
2.2; 0; 138; 0; 38; true; 0.3357011688570587; 0.4107011688570587; 0.075; 1; 0.075;-1;2.2
2.2; 0; 144; 0; 44; true; 0.855308986916238; 0.930308986916238; 0.075; 1; 0.075;-1;2.2
2.2; 0; 139; 0; 39; true; 0.650444187268697; 0.725444187268697; 0.075; 1; 0.075;-1;2.2
2.2; 0; 140; 0; 40; true; 0.1495174676031653; 0.2245174676031653; 0.075; 1; 0.075;-1;2.2
2.2; 0; 104; 0; 4; true; 0.737580366952997; 0.812580366952997; 0.075; 1; 0.075;-1;2.2
2.2; 0; 137; 0; 37; true; 0.330441170865542; 0.405441170865542; 0.075; 1; 0.075;-1;2.2
2.2; 0; 119; 0; 19; true; 0.8154017730258567; 0.8904017730258567; 0.075; 1; 0.075;-1;2.2
2.2; 0; 141; 0; 41; true; 0.8625609957156841; 0.9375609957156841; 0.075; 1; 0.075;-1;2.2
2.2; 0; 109; 0; 9; true; 0.743875632199285; 0.8188756321992849; 0.075; 1; 0.075;-1;2.2
2.2; 0; 143; 0; 43; true; 0.5257257264521857; 0.6007257264521857; 0.075; 1; 0.075;-1;2.2
2.2; 0; 127; 0; 27; true; 0.9498264151798732; 1.0248264151798732; 0.075; 1; 0.075;-1;2.2
2.2; 0; 102; 0; 2; true; 0.8177972191218925; 0.8927972191218925; 0.075; 1; 0.075;-1;2.2
2.2; 0; 114; 0; 14; true; 0.594355189264492; 0.669355189264492; 0.075; 1; 0.075;-1;2.2
2.2; 0; 142; 0; 42; true; 0.6124806548330499; 0.6874806548330499; 0.075; 1; 0.075;-1;2.2
2.2; 0; 110; 0; 10; true; 0.7749262896109215; 0.8499262896109214; 0.075; 1; 0.075;-1;2.2
2.2; 0; 111; 0; 11; true; 0.2219549447058765; 0.2969549447058765; 0.075; 1; 0.075;-1;2.2
2.2; 0; 124; 0; 24; true; 0.8560282265220911; 0.931028226522091; 0.075; 1; 0.075;-1;2.2
2.2; 0; 105; 0; 5; true; 0.6553760864749716; 0.7303760864749715; 0.075; 1; 0.075;-1;2.2
2.2; 0; 145; 0; 45; true; 0.3145682553542298; 0.3895682553542298; 0.075; 1; 0.075;-1;2.2
2.2; 0; 146; 0; 46; true; 0.1542464527443987; 0.2292464527443988; 0.075; 1; 0.075;-1;2.2
2.2; 0; 125; 0; 25; true; 0.3629592814852574; 0.4379592814852574; 0.075; 1; 0.075;-1;2.2
2.2; 0; 123; 0; 23; true; 0.139582116838638; 0.214582116838638; 0.075; 1; 0.075;-1;2.2
2.2; 0; 112; 0; 12; true; 1.1510299441655862; 1.2260299441655862; 0.075; 1; 0.075;6.624192571880719;2.2
2.2; 0; 148; 0; 48; true; 0.1393886418198597; 0.2143886418198597; 0.075; 1; 0.075;-1;2.2
1.2; 1; 122; 1; 22; true; 0.2400836112232265; 0.3140836112232265; 0.074; 1; 0.074;-1;1.2
1.2; 2; 132; 2; 32; true; 0.7692939488167985; 0.8432939488167984; 0.074; 1; 0.074;-1;1.2
1.2; 1; 123; 1; 23; true; 0.0675906809255865; 0.1415906809255865; 0.074; 1; 0.074;-1;1.2
1.2; 2; 116; 2; 16; true; 0.7358255170601116; 0.8098255170601115; 0.074; 1; 0.074;-1;1.2
1.2; 2; 117; 2; 17; true; 0.2529768340144875; 0.3269768340144875; 0.074; 1; 0.074;-1;1.2
1.2; 1; 105; 1; 5; true; 0.104233786061633; 0.178233786061633; 0.074; 1; 0.074;-1;1.2
1.2; 2; 134; 2; 34; true; 0.5096632003302495; 0.5836632003302494; 0.074; 1; 0.074;-1;1.2
1.2; 1; 111; 1; 11; true; 0.1296659901802848; 0.2036659901802848; 0.074; 1; 0.074;-1;1.2
1.2; 2; 108; 2; 8; true; 0.1022184214944619; 0.1762184214944619; 0.074; 1; 0.074;-1;1.2
1.2; 1; 128; 1; 28; true; 0.638045577107198; 0.712045577107198; 0.074; 1; 0.074;-1;1.2
1.2; 2; 120; 2; 20; true; 0.6792790485434881; 0.753279048543488; 0.074; 1; 0.074;-1;1.2
1.2; 1; 126; 1; 26; true; 0.275456399883089; 0.349456399883089; 0.074; 1; 0.074;-1;1.2
2.2; 0; 126; 0; 26; true; 0.949921446858832; 1.024921446858832; 0.075; 1; 0.075;-1;2.2
2.2; 0; 147; 0; 47; true; 0.202750160866207; 0.277750160866207; 0.075; 1; 0.075;-1;2.2
2.2; 0; 128; 0; 28; true; 0.8479347583251147; 0.9229347583251146; 0.075; 1; 0.075;-1;2.2
3.2; 0; 147; 0; 47; true; 0.207750160866207; 0.282750160866207; 0.075; 1; 0.075;-1;3.2
3.2; 0; 128; 0; 28; true; 0.8529347583251146; 0.9279347583251145; 0.075; 1; 0.075;-1;3.2
3.2; 0; 141; 0; 41; true; 0.867560995715684; 0.942560995715684; 0.075; 1; 0.075;-1;3.2
3.2; 0; 115; 0; 15; true; 0.3732956589687934; 0.4482956589687934; 0.075; 1; 0.075;-1;3.2
3.2; 0; 129; 0; 29; true; 0.4281119378532905; 0.5031119378532904; 0.075; 1; 0.075;-1;3.2
3.2; 0; 121; 0; 21; true; 0.3680893326072555; 0.4430893326072555; 0.075; 1; 0.075;-1;3.2
3.2; 0; 106; 0; 6; true; 0.6752212311427348; 0.7502212311427348; 0.075; 1; 0.075;-1;3.2
3.2; 0; 113; 0; 13; true; 0.0479537402693313; 0.1229537402693313; 0.075; 1; 0.075;-1;3.2
3.2; 0; 122; 0; 22; true; 0.7604545580737072; 0.8354545580737072; 0.075; 1; 0.075;-1;3.2
3.2; 0; 116; 0; 16; true; 0.0821207194537469; 0.1571207194537468; 0.075; 1; 0.075;-1;3.2
3.2; 0; 100; 0; 0; true; 0.0714056472094265; 0.1464056472094265; 0.075; 1; 0.075;-1;3.2
3.2; 0; 149; 0; 49; true; 0.2161804749145857; 0.2911804749145857; 0.075; 1; 0.075;-1;3.2
3.2; 0; 136; 0; 36; true; 0.0636702978744182; 0.1386702978744182; 0.075; 1; 0.075;-1;3.2
3.2; 0; 130; 0; 30; true; 0.949435074411477; 1.024435074411477; 0.075; 1; 0.075;-1;3.2
3.2; 0; 101; 0; 1; true; 0.2311881891872053; 0.3061881891872053; 0.075; 1; 0.075;-1;3.2
3.2; 0; 103; 0; 3; true; 0.4633920666778119; 0.5383920666778119; 0.075; 1; 0.075;-1;3.2
3.2; 0; 131; 0; 31; true; 0.577690336445188; 0.6526903364451879; 0.075; 1; 0.075;-1;3.2
3.2; 0; 132; 0; 32; true; 0.1388617734345963; 0.2138617734345963; 0.075; 1; 0.075;-1;3.2
3.2; 0; 119; 0; 19; true; 0.8204017730258566; 0.8954017730258566; 0.075; 1; 0.075;-1;3.2
3.2; 0; 117; 0; 17; true; 0.468139810493903; 0.543139810493903; 0.075; 1; 0.075;-1;3.2
3.2; 0; 135; 0; 35; true; 0.015; 0.09; 0.075; 1; 0.075;-1;3.2
3.2; 0; 133; 0; 33; true; 0.9310157896853497; 1.0060157896853497; 0.075; 1; 0.075;-1;3.2
3.2; 0; 108; 0; 8; true; 0.5498144900019248; 0.6248144900019248; 0.075; 1; 0.075;-1;3.2
3.2; 0; 120; 0; 20; true; 0.3670652684868919; 0.4420652684868919; 0.075; 1; 0.075;-1;3.2
3.2; 0; 118; 0; 18; true; 0.4493774419928866; 0.5243774419928866; 0.075; 1; 0.075;-1;3.2
3.2; 0; 137; 0; 37; true; 0.335441170865542; 0.410441170865542; 0.075; 1; 0.075;-1;3.2
3.2; 0; 144; 0; 44; true; 0.8603089869162379; 0.9353089869162379; 0.075; 1; 0.075;-1;3.2
3.2; 0; 134; 0; 34; true; 0.7092554591117217; 0.7842554591117217; 0.075; 1; 0.075;-1;3.2
3.2; 0; 138; 0; 38; true; 0.3407011688570587; 0.4157011688570587; 0.075; 1; 0.075;-1;3.2
3.2; 0; 104; 0; 4; true; 0.7425803669529969; 0.8175803669529969; 0.075; 1; 0.075;-1;3.2
3.2; 0; 139; 0; 39; true; 0.6554441872686969; 0.7304441872686969; 0.075; 1; 0.075;-1;3.2
3.2; 0; 140; 0; 40; true; 0.1545174676031653; 0.2295174676031653; 0.075; 1; 0.075;-1;3.2
3.2; 0; 126; 0; 26; true; 0.9549214468588318; 1.0299214468588318; 0.075; 1; 0.075;-1;3.2
3.2; 0; 124; 0; 24; true; 0.861028226522091; 0.936028226522091; 0.075; 1; 0.075;-1;3.2
3.2; 0; 114; 0; 14; true; 0.5993551892644919; 0.6743551892644919; 0.075; 1; 0.075;-1;3.2
3.2; 0; 143; 0; 43; true; 0.5307257264521856; 0.6057257264521856; 0.075; 1; 0.075;-1;3.2
3.2; 0; 112; 0; 12; true; 1.2920396499343947; 1.3670396499343946; 0.075; 1; 0.075;5.924501290742681;3.2
3.2; 0; 109; 0; 9; true; 0.7488756321992849; 0.8238756321992848; 0.075; 1; 0.075;-1;3.2
3.2; 0; 102; 0; 2; true; 0.8227972191218924; 0.8977972191218924; 0.075; 1; 0.075;-1;3.2
3.2; 0; 127; 0; 27; true; 0.9548264151798731; 1.029826415179873; 0.075; 1; 0.075;-1;3.2
3.2; 0; 107; 0; 7; true; 1.0437611997734824; 1.1187611997734823; 0.075; 1; 0.075;11.620258484314217;3.2
3.2; 0; 111; 0; 11; true; 0.2269549447058765; 0.3019549447058765; 0.075; 1; 0.075;-1;3.2
3.2; 0; 142; 0; 42; true; 0.6174806548330498; 0.6924806548330498; 0.075; 1; 0.075;-1;3.2
3.2; 0; 110; 0; 10; true; 0.7799262896109214; 0.8549262896109213; 0.075; 1; 0.075;-1;3.2
3.2; 0; 148; 0; 48; true; 0.1443886418198597; 0.2193886418198597; 0.075; 1; 0.075;-1;3.2
3.2; 0; 146; 0; 46; true; 0.1592464527443987; 0.2342464527443988; 0.075; 1; 0.075;-1;3.2
3.2; 0; 105; 0; 5; true; 0.6603760864749715; 0.7353760864749714; 0.075; 1; 0.075;-1;3.2
3.2; 0; 145; 0; 45; true; 0.3195682553542298; 0.3945682553542298; 0.075; 1; 0.075;-1;3.2
3.2; 0; 125; 0; 25; true; 0.3679592814852574; 0.4429592814852574; 0.075; 1; 0.075;-1;3.2
3.2; 0; 123; 0; 23; true; 0.144582116838638; 0.219582116838638; 0.075; 1; 0.075;-1;3.2
4.2; 0; 125; 0; 25; true; 0.3729592814852574; 0.4479592814852574; 0.075; 1; 0.075;-1;4.2
4.2; 0; 123; 0; 23; true; 0.149582116838638; 0.224582116838638; 0.075; 1; 0.075;-1;4.2
4.2; 0; 104; 0; 4; true; 0.7475803669529968; 0.8225803669529967; 0.075; 1; 0.075;-1;4.2
4.2; 0; 101; 0; 1; true; 0.2361881891872053; 0.3111881891872053; 0.075; 1; 0.075;-1;4.2
4.2; 0; 106; 0; 6; true; 0.6802212311427347; 0.7552212311427347; 0.075; 1; 0.075;-1;4.2
4.2; 0; 141; 0; 41; true; 0.8725609957156839; 0.9475609957156839; 0.075; 1; 0.075;-1;4.2
4.2; 0; 147; 0; 47; true; 0.212750160866207; 0.287750160866207; 0.075; 1; 0.075;-1;4.2
4.2; 0; 128; 0; 28; true; 0.8579347583251145; 0.9329347583251144; 0.075; 1; 0.075;-1;4.2
4.2; 0; 121; 0; 21; true; 0.3730893326072555; 0.4480893326072555; 0.075; 1; 0.075;-1;4.2
4.2; 0; 115; 0; 15; true; 0.3782956589687934; 0.4532956589687934; 0.075; 1; 0.075;-1;4.2
4.2; 0; 129; 0; 29; true; 0.4331119378532904; 0.5081119378532905; 0.075; 1; 0.075;-1;4.2
4.2; 0; 130; 0; 30; true; 0.9544350744114769; 1.0294350744114769; 0.075; 1; 0.075;-1;4.2
4.2; 0; 116; 0; 16; true; 0.0871207194537468; 0.1621207194537468; 0.075; 1; 0.075;-1;4.2
4.2; 0; 113; 0; 13; true; 0.0529537402693313; 0.1279537402693313; 0.075; 1; 0.075;-1;4.2
4.2; 0; 122; 0; 22; true; 0.7654545580737071; 0.8404545580737071; 0.075; 1; 0.075;-1;4.2
4.2; 0; 136; 0; 36; true; 0.0686702978744182; 0.1436702978744182; 0.075; 1; 0.075;-1;4.2
4.2; 0; 100; 0; 0; true; 0.0764056472094265; 0.1514056472094265; 0.075; 1; 0.075;-1;4.2
4.2; 0; 149; 0; 49; true; 0.2211804749145857; 0.2961804749145857; 0.075; 1; 0.075;-1;4.2
4.2; 0; 138; 0; 38; true; 0.3457011688570587; 0.4207011688570587; 0.075; 1; 0.075;-1;4.2
1.2; 2; 138; 2; 38; true; 0.4642463691108595; 0.5382463691108595; 0.074; 1; 0.074;-1;1.2
1.2; 1; 112; 1; 12; true; 0.0917470318847341; 0.1657470318847341; 0.074; 1; 0.074;-1;1.2
1.2; 2; 118; 2; 18; true; 0.140562884016976; 0.214562884016976; 0.074; 1; 0.074;-1;1.2
1.2; 1; 125; 1; 25; true; 0.7920069377764529; 0.8660069377764529; 0.074; 1; 0.074;-1;1.2
1.2; 2; 137; 2; 37; true; 0.1762279414586511; 0.2502279414586511; 0.074; 1; 0.074;-1;1.2
1.2; 1; 127; 1; 27; true; 0.004; 0.078; 0.074; 1; 0.074;-1;1.2
1.2; 2; 119; 2; 19; true; 0.0280681272467345; 0.1020681272467345; 0.074; 1; 0.074;-1;1.2
1.2; 1; 106; 1; 6; true; 0.2739893309735543; 0.3479893309735543; 0.074; 1; 0.074;-1;1.2
1.2; 2; 104; 2; 4; true; 0.5600941347564823; 0.6340941347564822; 0.074; 1; 0.074;-1;1.2
1.2; 1; 113; 1; 13; true; 0.5677809212321647; 0.6417809212321647; 0.074; 1; 0.074;-1;1.2
1.2; 2; 109; 2; 9; true; 0.1558797273590223; 0.2298797273590223; 0.074; 1; 0.074;-1;1.2
1.2; 2; 114; 2; 14; true; 0.4223247228349091; 0.4963247228349091; 0.074; 1; 0.074;-1;1.2
1.2; 2; 124; 2; 24; true; 0.6105826485524861; 0.6845826485524861; 0.074; 1; 0.074;-1;1.2
1.2; 2; 102; 2; 2; true; 0.7532960848552261; 0.8272960848552261; 0.074; 1; 0.074;-1;1.2
1.2; 2; 121; 2; 21; true; 0.3338818134139019; 0.4078818134139019; 0.074; 1; 0.074;-1;1.2
1.2; 2; 122; 2; 22; true; 0.1783370846835208; 0.2523370846835208; 0.074; 1; 0.074;-1;1.2
1.2; 2; 123; 2; 23; true; 0.1743667305307972; 0.2483667305307972; 0.074; 1; 0.074;-1;1.2
1.2; 2; 105; 2; 5; true; 0.085538290672311; 0.159538290672311; 0.074; 1; 0.074;-1;1.2
1.2; 2; 111; 2; 11; true; 0.0989129184490793; 0.1729129184490794; 0.074; 1; 0.074;-1;1.2
1.2; 2; 128; 2; 28; true; 0.6047447498500125; 0.6787447498500124; 0.074; 1; 0.074;-1;1.2
1.2; 2; 126; 2; 26; true; 0.2720192304714778; 0.3460192304714778; 0.074; 1; 0.074;-1;1.2
1.2; 2; 112; 2; 12; true; 0.9292034296688656; 1.0032034296688657; 0.074; 1; 0.074;-1;1.2
1.2; 2; 125; 2; 25; true; 0.9611196977427405; 1.0351196977427406; 0.074; 1; 0.074;-1;1.2
1.2; 2; 127; 2; 27; true; 0.6538247132625872; 0.7278247132625871; 0.074; 1; 0.074;-1;1.2
1.2; 2; 106; 2; 6; true; 0.7046072843951552; 0.7786072843951551; 0.074; 1; 0.074;-1;1.2
1.2; 2; 113; 2; 13; true; 0.112637335391364; 0.186637335391364; 0.074; 1; 0.074;-1;1.2
2.2; 2; 106; 2; 6; true; 0.7086072843951551; 0.782607284395155; 0.074; 1; 0.074;-1;2.2
2.2; 2; 113; 2; 13; true; 0.116637335391364; 0.190637335391364; 0.074; 1; 0.074;-1;2.2
2.2; 2; 119; 2; 19; true; 0.0320681272467344; 0.1060681272467344; 0.074; 1; 0.074;-1;2.2
2.2; 2; 116; 2; 16; true; 0.7398255170601115; 0.8138255170601114; 0.074; 1; 0.074;-1;2.2
2.2; 2; 100; 2; 0; true; 0.8688197745967995; 0.9428197745967994; 0.074; 1; 0.074;-1;2.2
2.2; 2; 110; 2; 10; true; 0.9056190851717273; 0.9796190851717272; 0.074; 1; 0.074;-1;2.2
2.2; 2; 129; 2; 29; true; 0.2918458644471377; 0.3658458644471377; 0.074; 1; 0.074;-1;2.2
2.2; 2; 130; 2; 30; true; 0.850001039276035; 0.9240010392760349; 0.074; 1; 0.074;-1;2.2
2.2; 2; 101; 2; 1; true; 0.8066203551731829; 0.8806203551731828; 0.074; 1; 0.074;-1;2.2
2.2; 2; 136; 2; 36; true; 0.4943479667829334; 0.5683479667829334; 0.074; 1; 0.074;-1;2.2
2.2; 2; 131; 2; 31; true; 0.2171047695527951; 0.2911047695527951; 0.074; 1; 0.074;-1;2.2
2.2; 2; 132; 2; 32; true; 0.7732939488167984; 0.8472939488167983; 0.074; 1; 0.074;-1;2.2
2.2; 2; 103; 2; 3; true; 0.0505126100801621; 0.1245126100801621; 0.074; 1; 0.074;-1;2.2
2.2; 2; 139; 2; 39; true; 0.9654195003053294; 1.0394195003053295; 0.074; 1; 0.074;-1;2.2
2.2; 2; 115; 2; 15; true; 0.5828094554184261; 0.6568094554184261; 0.074; 1; 0.074;-1;2.2
2.2; 2; 133; 2; 33; true; 0.8278917493627737; 0.9018917493627736; 0.074; 1; 0.074;-1;2.2
2.2; 2; 107; 2; 7; true; 0.4382488425623345; 0.5122488425623345; 0.074; 1; 0.074;-1;2.2
2.2; 2; 135; 2; 35; true; 0.0826230101804068; 0.1566230101804068; 0.074; 1; 0.074;-1;2.2
2.2; 2; 137; 2; 37; true; 0.1802279414586511; 0.2542279414586511; 0.074; 1; 0.074;-1;2.2
2.2; 2; 108; 2; 8; true; 0.1062184214944619; 0.1802184214944619; 0.074; 1; 0.074;-1;2.2
2.2; 2; 117; 2; 17; true; 0.2569768340144875; 0.3309768340144875; 0.074; 1; 0.074;-1;2.2
2.2; 2; 134; 2; 34; true; 0.5136632003302494; 0.5876632003302493; 0.074; 1; 0.074;-1;2.2
2.2; 2; 118; 2; 18; true; 0.144562884016976; 0.218562884016976; 0.074; 1; 0.074;-1;2.2
2.2; 2; 120; 2; 20; true; 0.683279048543488; 0.7572790485434879; 0.074; 1; 0.074;-1;2.2
2.2; 2; 138; 2; 38; true; 0.4682463691108595; 0.5422463691108595; 0.074; 1; 0.074;-1;2.2
2.2; 2; 127; 2; 27; true; 0.6578247132625871; 0.731824713262587; 0.074; 1; 0.074;-1;2.2
2.2; 2; 122; 2; 22; true; 0.1823370846835208; 0.2563370846835208; 0.074; 1; 0.074;-1;2.2
2.2; 2; 114; 2; 14; true; 0.4263247228349091; 0.500324722834909; 0.074; 1; 0.074;-1;2.2
2.2; 2; 104; 2; 4; true; 0.5640941347564822; 0.6380941347564821; 0.074; 1; 0.074;-1;2.2
2.2; 2; 109; 2; 9; true; 0.1598797273590223; 0.2338797273590223; 0.074; 1; 0.074;-1;2.2
2.2; 2; 121; 2; 21; true; 0.3378818134139019; 0.4118818134139019; 0.074; 1; 0.074;-1;2.2
2.2; 2; 124; 2; 24; true; 0.614582648552486; 0.688582648552486; 0.074; 1; 0.074;-1;2.2
2.2; 2; 102; 2; 2; true; 0.757296084855226; 0.831296084855226; 0.074; 1; 0.074;-1;2.2
2.2; 2; 125; 2; 25; true; 0.9651196977427405; 1.0391196977427406; 0.074; 1; 0.074;-1;2.2
2.2; 2; 111; 2; 11; true; 0.1029129184490793; 0.1769129184490793; 0.074; 1; 0.074;-1;2.2
2.2; 2; 123; 2; 23; true; 0.1783667305307972; 0.2523667305307972; 0.074; 1; 0.074;-1;2.2
2.2; 2; 105; 2; 5; true; 0.089538290672311; 0.163538290672311; 0.074; 1; 0.074;-1;2.2
2.2; 2; 112; 2; 12; true; 0.9332034296688656; 1.0072034296688657; 0.074; 1; 0.074;-1;2.2
2.2; 2; 128; 2; 28; true; 0.6087447498500124; 0.6827447498500123; 0.074; 1; 0.074;-1;2.2
2.2; 2; 126; 2; 26; true; 0.2760192304714778; 0.3500192304714778; 0.074; 1; 0.074;-1;2.2
3.2; 2; 128; 2; 28; true; 0.6127447498500123; 0.6867447498500122; 0.074; 1; 0.074;-1;3.2
3.2; 2; 126; 2; 26; true; 0.2800192304714778; 0.3540192304714778; 0.074; 1; 0.074;-1;3.2
3.2; 2; 118; 2; 18; true; 0.148562884016976; 0.222562884016976; 0.074; 1; 0.074;-1;3.2
3.2; 2; 115; 2; 15; true; 0.586809455418426; 0.660809455418426; 0.074; 1; 0.074;-1;3.2
3.2; 2; 129; 2; 29; true; 0.2958458644471377; 0.3698458644471377; 0.074; 1; 0.074;-1;3.2
3.2; 2; 119; 2; 19; true; 0.0360681272467344; 0.1100681272467344; 0.074; 1; 0.074;-1;3.2
3.2; 2; 106; 2; 6; true; 0.712607284395155; 0.7866072843951549; 0.074; 1; 0.074;-1;3.2
3.2; 2; 113; 2; 13; true; 0.120637335391364; 0.194637335391364; 0.074; 1; 0.074;-1;3.2
3.2; 2; 110; 2; 10; true; 0.9096190851717272; 0.9836190851717271; 0.074; 1; 0.074;-1;3.2
3.2; 2; 116; 2; 16; true; 0.7438255170601114; 0.8178255170601113; 0.074; 1; 0.074;-1;3.2
3.2; 2; 100; 2; 0; true; 0.8728197745967994; 0.9468197745967993; 0.074; 1; 0.074;-1;3.2
3.2; 2; 139; 2; 39; true; 0.9694195003053294; 1.0434195003053295; 0.074; 1; 0.074;26.231126405599284;3.2
3.2; 2; 136; 2; 36; true; 0.4983479667829334; 0.5723479667829334; 0.074; 1; 0.074;-1;3.2
3.2; 2; 130; 2; 30; true; 0.8540010392760349; 0.9280010392760348; 0.074; 1; 0.074;-1;3.2
3.2; 2; 101; 2; 1; true; 0.8106203551731828; 0.8846203551731827; 0.074; 1; 0.074;-1;3.2
3.2; 2; 103; 2; 3; true; 0.0545126100801621; 0.1285126100801621; 0.074; 1; 0.074;-1;3.2
3.2; 2; 131; 2; 31; true; 0.2211047695527951; 0.2951047695527951; 0.074; 1; 0.074;-1;3.2
3.2; 2; 132; 2; 32; true; 0.7772939488167983; 0.8512939488167982; 0.074; 1; 0.074;-1;3.2
3.2; 2; 134; 2; 34; true; 0.5176632003302493; 0.5916632003302492; 0.074; 1; 0.074;-1;3.2
3.2; 2; 135; 2; 35; true; 0.0866230101804068; 0.1606230101804068; 0.074; 1; 0.074;-1;3.2
3.2; 2; 133; 2; 33; true; 0.8318917493627735; 0.9058917493627735; 0.074; 1; 0.074;-1;3.2
3.2; 2; 107; 2; 7; true; 0.4422488425623345; 0.5162488425623345; 0.074; 1; 0.074;-1;3.2
3.2; 2; 117; 2; 17; true; 0.2609768340144875; 0.3349768340144875; 0.074; 1; 0.074;-1;3.2
3.2; 2; 137; 2; 37; true; 0.1842279414586511; 0.2582279414586511; 0.074; 1; 0.074;-1;3.2
3.2; 2; 108; 2; 8; true; 0.1102184214944619; 0.1842184214944619; 0.074; 1; 0.074;-1;3.2
3.2; 2; 112; 2; 12; true; 0.9372034296688656; 1.0112034296688657; 0.074; 1; 0.074;-1;3.2
3.2; 2; 109; 2; 9; true; 0.1638797273590223; 0.2378797273590224; 0.074; 1; 0.074;-1;3.2
3.2; 2; 127; 2; 27; true; 0.661824713262587; 0.7358247132625869; 0.074; 1; 0.074;-1;3.2
3.2; 2; 120; 2; 20; true; 0.6872790485434879; 0.7612790485434878; 0.074; 1; 0.074;-1;3.2
3.2; 2; 138; 2; 38; true; 0.4722463691108595; 0.5462463691108596; 0.074; 1; 0.074;-1;3.2
3.2; 2; 104; 2; 4; true; 0.5680941347564821; 0.642094134756482; 0.074; 1; 0.074;-1;3.2
3.2; 2; 122; 2; 22; true; 0.1863370846835208; 0.2603370846835208; 0.074; 1; 0.074;-1;3.2
3.2; 2; 114; 2; 14; true; 0.430324722834909; 0.504324722834909; 0.074; 1; 0.074;-1;3.2
3.2; 2; 105; 2; 5; true; 0.093538290672311; 0.167538290672311; 0.074; 1; 0.074;-1;3.2
3.2; 2; 102; 2; 2; true; 0.7612960848552259; 0.8352960848552259; 0.074; 1; 0.074;-1;3.2
3.2; 2; 121; 2; 21; true; 0.3418818134139019; 0.4158818134139019; 0.074; 1; 0.074;-1;3.2
3.2; 2; 124; 2; 24; true; 0.6185826485524859; 0.6925826485524859; 0.074; 1; 0.074;-1;3.2
3.2; 2; 123; 2; 23; true; 0.1823667305307972; 0.2563667305307972; 0.074; 1; 0.074;-1;3.2
3.2; 2; 125; 2; 25; true; 0.9691196977427405; 1.0431196977427406; 0.074; 1; 0.074;26.391257182881215;3.2
3.2; 2; 111; 2; 11; true; 0.1069129184490793; 0.1809129184490793; 0.074; 1; 0.074;-1;3.2
4.2; 2; 117; 2; 17; true; 0.2649768340144875; 0.3389768340144875; 0.074; 1; 0.074;-1;4.2
4.2; 2; 111; 2; 11; true; 0.1109129184490793; 0.1849129184490793; 0.074; 1; 0.074;-1;4.2
4.2; 2; 101; 2; 1; true; 0.8146203551731828; 0.8886203551731827; 0.074; 1; 0.074;-1;4.2
4.2; 2; 106; 2; 6; true; 0.716607284395155; 0.7906072843951549; 0.074; 1; 0.074;-1;4.2
4.2; 2; 118; 2; 18; true; 0.152562884016976; 0.2265628840169761; 0.074; 1; 0.074;-1;4.2
4.2; 2; 128; 2; 28; true; 0.6167447498500123; 0.6907447498500122; 0.074; 1; 0.074;-1;4.2
4.2; 2; 126; 2; 26; true; 0.2840192304714778; 0.3580192304714778; 0.074; 1; 0.074;-1;4.2
4.2; 2; 119; 2; 19; true; 0.0400681272467344; 0.1140681272467344; 0.074; 1; 0.074;-1;4.2
4.2; 2; 115; 2; 15; true; 0.590809455418426; 0.664809455418426; 0.074; 1; 0.074;-1;4.2
4.2; 2; 129; 2; 29; true; 0.2998458644471377; 0.3738458644471377; 0.074; 1; 0.074;-1;4.2
4.2; 2; 130; 2; 30; true; 0.8580010392760349; 0.9320010392760348; 0.074; 1; 0.074;-1;4.2
4.2; 2; 116; 2; 16; true; 0.7478255170601114; 0.8218255170601113; 0.074; 1; 0.074;-1;4.2
4.2; 2; 113; 2; 13; true; 0.124637335391364; 0.198637335391364; 0.074; 1; 0.074;-1;4.2
4.2; 2; 110; 2; 10; true; 0.9136190851717272; 0.9876190851717271; 0.074; 1; 0.074;-1;4.2
4.2; 2; 136; 2; 36; true; 0.5023479667829334; 0.5763479667829333; 0.074; 1; 0.074;-1;4.2
4.2; 2; 100; 2; 0; true; 0.8768197745967994; 0.9508197745967993; 0.074; 1; 0.074;-1;4.2
4.2; 2; 107; 2; 7; true; 0.4462488425623345; 0.5202488425623345; 0.074; 1; 0.074;-1;4.2
4.2; 2; 132; 2; 32; true; 0.7812939488167983; 0.8552939488167982; 0.074; 1; 0.074;-1;4.2
4.2; 2; 103; 2; 3; true; 0.0585126100801621; 0.1325126100801621; 0.074; 1; 0.074;-1;4.2
4.2; 2; 139; 2; 39; true; 1.0453903255598336; 1.1193903255598336; 0.074; 1; 0.074;12.575888040432893;4.2
4.2; 2; 125; 2; 25; true; 1.0450627917003017; 1.1190627917003018; 0.074; 1; 0.074;12.598929554055346;4.2
4.2; 2; 131; 2; 31; true; 0.2251047695527951; 0.2991047695527951; 0.074; 1; 0.074;-1;4.2
4.2; 2; 133; 2; 33; true; 0.8358917493627736; 0.9098917493627735; 0.074; 1; 0.074;-1;4.2
4.2; 2; 134; 2; 34; true; 0.5216632003302493; 0.5956632003302492; 0.074; 1; 0.074;-1;4.2
4.2; 2; 135; 2; 35; true; 0.0906230101804068; 0.1646230101804068; 0.074; 1; 0.074;-1;4.2
4.2; 2; 123; 2; 23; true; 0.1863667305307972; 0.2603667305307972; 0.074; 1; 0.074;-1;4.2
4.2; 2; 138; 2; 38; true; 0.4762463691108595; 0.5502463691108596; 0.074; 1; 0.074;-1;4.2
4.2; 2; 112; 2; 12; true; 0.9412034296688656; 1.0152034296688657; 0.074; 1; 0.074;-1;4.2
4.2; 2; 137; 2; 37; true; 0.1882279414586511; 0.2622279414586511; 0.074; 1; 0.074;-1;4.2
4.2; 2; 108; 2; 8; true; 0.1142184214944619; 0.1882184214944619; 0.074; 1; 0.074;-1;4.2
2.2; 1; 106; 1; 6; true; 0.2779893309735543; 0.3519893309735543; 0.074; 1; 0.074;-1;2.2
2.2; 1; 113; 1; 13; true; 0.5717809212321646; 0.6457809212321646; 0.074; 1; 0.074;-1;2.2
2.2; 1; 119; 1; 19; true; 0.4091749074687004; 0.4831749074687005; 0.074; 1; 0.074;-1;2.2
2.2; 1; 116; 1; 16; true; 0.0710001661866247; 0.1450001661866247; 0.074; 1; 0.074;-1;2.2
2.2; 1; 100; 1; 0; true; 0.8668160663165224; 0.9408160663165224; 0.074; 1; 0.074;-1;2.2
2.2; 1; 110; 1; 10; true; 0.7554305593532714; 0.8294305593532714; 0.074; 1; 0.074;-1;2.2
2.2; 1; 129; 1; 29; true; 0.1576351552608763; 0.2316351552608764; 0.074; 1; 0.074;-1;2.2
2.2; 1; 130; 1; 30; true; 0.8306789482197271; 0.904678948219727; 0.074; 1; 0.074;-1;2.2
2.2; 1; 101; 1; 1; true; 0.1888916420611639; 0.2628916420611639; 0.074; 1; 0.074;-1;2.2
2.2; 1; 136; 1; 36; true; 0.9148832111834159; 0.9888832111834158; 0.074; 1; 0.074;-1;2.2
2.2; 1; 131; 1; 31; true; 0.5577283303665205; 0.6317283303665204; 0.074; 1; 0.074;-1;2.2
2.2; 1; 132; 1; 32; true; 0.6375998878550383; 0.7115998878550382; 0.074; 1; 0.074;-1;2.2
2.2; 1; 115; 1; 15; true; 0.1630900769634472; 0.2370900769634472; 0.074; 1; 0.074;-1;2.2
2.2; 1; 133; 1; 33; true; 1.1491980786742912; 1.2231980786742913; 0.074; 1; 0.074;6.680325305395128;2.2
2.2; 1; 139; 1; 39; true; 0.1758843736511667; 0.2498843736511667; 0.074; 1; 0.074;-1;2.2
2.2; 1; 135; 1; 35; true; 0.5458902972692549; 0.6198902972692548; 0.074; 1; 0.074;-1;2.2
2.2; 1; 103; 1; 3; true; 0.4199362204145645; 0.4939362204145645; 0.074; 1; 0.074;-1;2.2
2.2; 1; 107; 1; 7; true; 0.9158318470333687; 0.9898318470333687; 0.074; 1; 0.074;-1;2.2
2.2; 1; 137; 1; 37; true; 0.4810759084796998; 0.5550759084796998; 0.074; 1; 0.074;-1;2.2
2.2; 1; 120; 1; 20; true; 0.7480883061037021; 0.8220883061037021; 0.074; 1; 0.074;-1;2.2
2.2; 1; 134; 1; 34; true; 0.2252010398354302; 0.2992010398354302; 0.074; 1; 0.074;-1;2.2
2.2; 1; 117; 1; 17; true; 0.9005786420155185; 0.9745786420155185; 0.074; 1; 0.074;-1;2.2
2.2; 1; 108; 1; 8; true; 0.1552530460226736; 0.2292530460226737; 0.074; 1; 0.074;-1;2.2
2.2; 1; 138; 1; 38; true; 0.0468224007666506; 0.1208224007666506; 0.074; 1; 0.074;-1;2.2
2.2; 1; 118; 1; 18; true; 0.2215571509792247; 0.2955571509792247; 0.074; 1; 0.074;-1;2.2
4.2; 2; 120; 2; 20; true; 0.6912790485434879; 0.7652790485434878; 0.074; 1; 0.074;-1;4.2
4.2; 0; 135; 0; 35; true; 0.0199999999999999; 0.0949999999999999; 0.075; 1; 0.075;-1;4.2
2.2; 1; 127; 1; 27; true; 0.008; 0.082; 0.074; 1; 0.074;-1;2.2
4.2; 2; 109; 2; 9; true; 0.1678797273590223; 0.2418797273590224; 0.074; 1; 0.074;-1;4.2
2.2; 1; 122; 1; 22; true; 0.2440836112232265; 0.3180836112232265; 0.074; 1; 0.074;-1;2.2
4.2; 2; 127; 2; 27; true; 0.665824713262587; 0.7398247132625869; 0.074; 1; 0.074;-1;4.2
2.2; 1; 114; 1; 14; true; 0.6937116938002638; 0.7677116938002637; 0.074; 1; 0.074;-1;2.2
4.2; 2; 124; 2; 24; true; 0.6225826485524859; 0.6965826485524859; 0.074; 1; 0.074;-1;4.2
2.2; 1; 104; 1; 4; true; 0.8510821870263331; 0.925082187026333; 0.074; 1; 0.074;-1;2.2
4.2; 2; 114; 2; 14; true; 0.434324722834909; 0.508324722834909; 0.074; 1; 0.074;-1;4.2
2.2; 1; 109; 1; 9; true; 0.7344109545921221; 0.8084109545921221; 0.074; 1; 0.074;-1;2.2
4.2; 2; 104; 2; 4; true; 0.5720941347564821; 0.646094134756482; 0.074; 1; 0.074;-1;4.2
2.2; 1; 121; 1; 21; true; 0.8444233179673658; 0.9184233179673658; 0.074; 1; 0.074;-1;2.2
4.2; 2; 122; 2; 22; true; 0.1903370846835208; 0.2643370846835209; 0.074; 1; 0.074;-1;4.2
2.2; 1; 124; 1; 24; true; 0.6998755526166861; 0.7738755526166861; 0.074; 1; 0.074;-1;2.2
4.2; 2; 121; 2; 21; true; 0.3458818134139019; 0.4198818134139019; 0.074; 1; 0.074;-1;4.2
2.2; 1; 102; 1; 2; true; 0.5118280116498651; 0.5858280116498651; 0.074; 1; 0.074;-1;2.2
4.2; 2; 105; 2; 5; true; 0.097538290672311; 0.171538290672311; 0.074; 1; 0.074;-1;4.2
4.2; 0; 131; 0; 31; true; 0.5826903364451879; 0.6576903364451878; 0.075; 1; 0.075;-1;4.2
4.2; 0; 103; 0; 3; true; 0.4683920666778119; 0.5433920666778119; 0.075; 1; 0.075;-1;4.2
2.2; 1; 125; 1; 25; true; 0.7960069377764528; 0.8700069377764528; 0.074; 1; 0.074;-1;2.2
4.2; 2; 102; 2; 2; true; 0.7652960848552259; 0.8392960848552259; 0.074; 1; 0.074;-1;4.2
2.2; 1; 111; 1; 11; true; 0.1336659901802848; 0.2076659901802848; 0.074; 1; 0.074;-1;2.2
2.2; 1; 123; 1; 23; true; 0.0715906809255865; 0.1455906809255865; 0.074; 1; 0.074;-1;2.2
2.2; 1; 105; 1; 5; true; 0.108233786061633; 0.182233786061633; 0.074; 1; 0.074;-1;2.2
2.2; 1; 112; 1; 12; true; 0.0957470318847341; 0.1697470318847341; 0.074; 1; 0.074;-1;2.2
2.2; 1; 128; 1; 28; true; 0.6420455771071979; 0.7160455771071979; 0.074; 1; 0.074;-1;2.2
2.2; 1; 126; 1; 26; true; 0.279456399883089; 0.353456399883089; 0.074; 1; 0.074;-1;2.2
3.2; 1; 128; 1; 28; true; 0.6460455771071978; 0.7200455771071977; 0.074; 1; 0.074;-1;3.2
3.2; 1; 126; 1; 26; true; 0.283456399883089; 0.357456399883089; 0.074; 1; 0.074;-1;3.2
3.2; 1; 108; 1; 8; true; 0.1592530460226736; 0.2332530460226737; 0.074; 1; 0.074;-1;3.2
3.2; 1; 139; 1; 39; true; 0.1798843736511667; 0.2538843736511667; 0.074; 1; 0.074;-1;3.2
3.2; 1; 129; 1; 29; true; 0.1616351552608764; 0.2356351552608764; 0.074; 1; 0.074;-1;3.2
3.2; 1; 119; 1; 19; true; 0.4131749074687004; 0.4871749074687005; 0.074; 1; 0.074;-1;3.2
3.2; 1; 106; 1; 6; true; 0.2819893309735543; 0.3559893309735543; 0.074; 1; 0.074;-1;3.2
3.2; 1; 113; 1; 13; true; 0.5757809212321645; 0.6497809212321645; 0.074; 1; 0.074;-1;3.2
3.2; 1; 110; 1; 10; true; 0.7594305593532713; 0.8334305593532713; 0.074; 1; 0.074;-1;3.2
3.2; 1; 116; 1; 16; true; 0.0750001661866247; 0.1490001661866247; 0.074; 1; 0.074;-1;3.2
3.2; 1; 100; 1; 0; true; 0.8708160663165223; 0.9448160663165223; 0.074; 1; 0.074;-1;3.2
3.2; 1; 136; 1; 36; true; 0.9188832111834158; 0.9928832111834157; 0.074; 1; 0.074;-1;3.2
3.2; 1; 130; 1; 30; true; 0.834678948219727; 0.908678948219727; 0.074; 1; 0.074;-1;3.2
4.2; 0; 107; 0; 7; true; 1.1347661947510204; 1.2097661947510203; 0.075; 1; 0.075;8.967212377508869;4.2
3.2; 1; 101; 1; 1; true; 0.1928916420611639; 0.2668916420611639; 0.074; 1; 0.074;-1;3.2
4.2; 0; 117; 0; 17; true; 0.473139810493903; 0.548139810493903; 0.075; 1; 0.075;-1;4.2
3.2; 1; 115; 1; 15; true; 0.1670900769634472; 0.2410900769634473; 0.074; 1; 0.074;-1;3.2
4.2; 0; 132; 0; 32; true; 0.1438617734345963; 0.2188617734345963; 0.075; 1; 0.075;-1;4.2
3.2; 1; 131; 1; 31; true; 0.5617283303665204; 0.6357283303665203; 0.074; 1; 0.074;-1;3.2
4.2; 0; 119; 0; 19; true; 0.8254017730258565; 0.9004017730258564; 0.075; 1; 0.075;-1;4.2
3.2; 1; 132; 1; 32; true; 0.6415998878550382; 0.7155998878550381; 0.074; 1; 0.074;-1;3.2
4.2; 0; 134; 0; 34; true; 0.7142554591117216; 0.7892554591117216; 0.075; 1; 0.075;-1;4.2
3.2; 1; 117; 1; 17; true; 0.9045786420155184; 0.9785786420155184; 0.074; 1; 0.074;-1;3.2
4.2; 0; 120; 0; 20; true; 0.3720652684868919; 0.4470652684868919; 0.075; 1; 0.075;-1;4.2
3.2; 1; 137; 1; 37; true; 0.4850759084796998; 0.5590759084796998; 0.074; 1; 0.074;-1;3.2
4.2; 0; 133; 0; 33; true; 0.9360157896853496; 1.0110157896853496; 0.075; 1; 0.075;-1;4.2
3.2; 1; 103; 1; 3; true; 0.4239362204145645; 0.4979362204145645; 0.074; 1; 0.074;-1;3.2
4.2; 0; 108; 0; 8; true; 0.5548144900019247; 0.6298144900019247; 0.075; 1; 0.075;-1;4.2
3.2; 1; 135; 1; 35; true; 0.5498902972692548; 0.6238902972692547; 0.074; 1; 0.074;-1;3.2
4.2; 0; 144; 0; 44; true; 0.8653089869162378; 0.9403089869162378; 0.075; 1; 0.075;-1;4.2
3.2; 1; 107; 1; 7; true; 0.9198318470333686; 0.9938318470333686; 0.074; 1; 0.074;-1;3.2
4.2; 0; 118; 0; 18; true; 0.4543774419928866; 0.5293774419928866; 0.075; 1; 0.075;-1;4.2
3.2; 1; 134; 1; 34; true; 0.2292010398354302; 0.3032010398354302; 0.074; 1; 0.074;-1;3.2
4.2; 0; 137; 0; 37; true; 0.340441170865542; 0.4154411708655421; 0.075; 1; 0.075;-1;4.2
4.2; 0; 145; 0; 45; true; 0.3245682553542298; 0.3995682553542299; 0.075; 1; 0.075;-1;4.2
3.2; 1; 133; 1; 33; true; 1.2873294626941398; 1.36132946269414; 0.074; 1; 0.074;5.967557321630551;3.2
4.2; 0; 126; 0; 26; true; 0.9599214468588317; 1.0349214468588317; 0.075; 1; 0.075;-1;4.2
3.2; 1; 120; 1; 20; true; 0.752088306103702; 0.826088306103702; 0.074; 1; 0.074;-1;3.2
4.2; 0; 139; 0; 39; true; 0.6604441872686968; 0.7354441872686968; 0.075; 1; 0.075;-1;4.2
3.2; 1; 112; 1; 12; true; 0.0997470318847341; 0.1737470318847341; 0.074; 1; 0.074;-1;3.2
4.2; 0; 140; 0; 40; true; 0.1595174676031653; 0.2345174676031653; 0.075; 1; 0.075;-1;4.2
3.2; 1; 109; 1; 9; true; 0.738410954592122; 0.812410954592122; 0.074; 1; 0.074;-1;3.2
4.2; 0; 143; 0; 43; true; 0.5357257264521855; 0.6107257264521855; 0.075; 1; 0.075;-1;4.2
3.2; 1; 127; 1; 27; true; 0.012; 0.086; 0.074; 1; 0.074;-1;3.2
4.2; 0; 124; 0; 24; true; 0.8660282265220909; 0.9410282265220908; 0.075; 1; 0.075;-1;4.2
3.2; 1; 138; 1; 38; true; 0.0508224007666506; 0.1248224007666506; 0.074; 1; 0.074;-1;3.2
4.2; 0; 114; 0; 14; true; 0.6043551892644918; 0.6793551892644918; 0.075; 1; 0.075;-1;4.2
3.2; 1; 118; 1; 18; true; 0.2255571509792247; 0.2995571509792247; 0.074; 1; 0.074;-1;3.2
4.2; 0; 127; 0; 27; true; 0.959826415179873; 1.034826415179873; 0.075; 1; 0.075;-1;4.2
3.2; 1; 104; 1; 4; true; 0.855082187026333; 0.9290821870263329; 0.074; 1; 0.074;-1;3.2
4.2; 0; 109; 0; 9; true; 0.7538756321992848; 0.8288756321992847; 0.075; 1; 0.075;-1;4.2
3.2; 1; 122; 1; 22; true; 0.2480836112232265; 0.3220836112232265; 0.074; 1; 0.074;-1;3.2
4.2; 0; 102; 0; 2; true; 0.8277972191218923; 0.9027972191218923; 0.075; 1; 0.075;-1;4.2
3.2; 1; 114; 1; 14; true; 0.6977116938002637; 0.7717116938002636; 0.074; 1; 0.074;-1;3.2
4.2; 0; 105; 0; 5; true; 0.6653760864749714; 0.7403760864749713; 0.075; 1; 0.075;-1;4.2
3.2; 1; 105; 1; 5; true; 0.112233786061633; 0.186233786061633; 0.074; 1; 0.074;-1;3.2
4.2; 0; 110; 0; 10; true; 0.7849262896109213; 0.8599262896109212; 0.075; 1; 0.075;-1;4.2
3.2; 1; 102; 1; 2; true; 0.515828011649865; 0.589828011649865; 0.074; 1; 0.074;-1;3.2
4.2; 0; 111; 0; 11; true; 0.2319549447058765; 0.3069549447058765; 0.075; 1; 0.075;-1;4.2
3.2; 1; 121; 1; 21; true; 0.8484233179673657; 0.9224233179673657; 0.074; 1; 0.074;-1;3.2
4.2; 0; 142; 0; 42; true; 0.6224806548330497; 0.6974806548330497; 0.075; 1; 0.075;-1;4.2
3.2; 1; 124; 1; 24; true; 0.703875552616686; 0.777875552616686; 0.074; 1; 0.074;-1;3.2
4.2; 0; 146; 0; 46; true; 0.1642464527443988; 0.2392464527443988; 0.075; 1; 0.075;-1;4.2
3.2; 1; 123; 1; 23; true; 0.0755906809255865; 0.1495906809255865; 0.074; 1; 0.074;-1;3.2
4.2; 0; 112; 0; 12; true; 1.5798777915494258; 1.6548777915494257; 0.075; 1; 0.075;5.727002461992219;4.2
3.2; 1; 125; 1; 25; true; 0.8000069377764527; 0.8740069377764527; 0.074; 1; 0.074;-1;3.2
4.2; 0; 148; 0; 48; true; 0.1493886418198597; 0.2243886418198597; 0.075; 1; 0.075;-1;4.2
3.2; 1; 111; 1; 11; true; 0.1376659901802848; 0.2116659901802848; 0.074; 1; 0.074;-1;3.2
4.2; 1; 125; 1; 25; true; 0.8040069377764527; 0.8780069377764527; 0.074; 1; 0.074;-1;4.2
4.2; 1; 111; 1; 11; true; 0.1416659901802848; 0.2156659901802848; 0.074; 1; 0.074;-1;4.2
4.2; 1; 134; 1; 34; true; 0.2332010398354302; 0.3072010398354302; 0.074; 1; 0.074;-1;4.2
4.2; 1; 101; 1; 1; true; 0.1968916420611639; 0.270891642061164; 0.074; 1; 0.074;-1;4.2
4.2; 1; 106; 1; 6; true; 0.2859893309735543; 0.3599893309735543; 0.074; 1; 0.074;-1;4.2
4.2; 1; 108; 1; 8; true; 0.1632530460226737; 0.2372530460226737; 0.074; 1; 0.074;-1;4.2
4.2; 1; 128; 1; 28; true; 0.6500455771071978; 0.7240455771071977; 0.074; 1; 0.074;-1;4.2
4.2; 1; 126; 1; 26; true; 0.287456399883089; 0.361456399883089; 0.074; 1; 0.074;-1;4.2
4.2; 1; 119; 1; 19; true; 0.4171749074687005; 0.4911749074687005; 0.074; 1; 0.074;-1;4.2
4.2; 1; 139; 1; 39; true; 0.1838843736511667; 0.2578843736511667; 0.074; 1; 0.074;-1;4.2
4.2; 1; 129; 1; 29; true; 0.1656351552608764; 0.2396351552608764; 0.074; 1; 0.074;-1;4.2
4.2; 1; 130; 1; 30; true; 0.838678948219727; 0.912678948219727; 0.074; 1; 0.074;-1;4.2
4.2; 1; 110; 1; 10; true; 0.7634305593532713; 0.8374305593532713; 0.074; 1; 0.074;-1;4.2
4.2; 1; 133; 1; 33; true; 1.5657525149325915; 1.6397525149325916; 0.074; 1; 0.074;5.763104445326591;4.2
4.2; 1; 113; 1; 13; true; 0.5797809212321645; 0.6537809212321645; 0.074; 1; 0.074;-1;4.2
4.2; 1; 136; 1; 36; true; 0.9228832111834158; 0.9968832111834157; 0.074; 1; 0.074;-1;4.2
4.2; 1; 116; 1; 16; true; 0.0790001661866247; 0.1530001661866247; 0.074; 1; 0.074;-1;4.2
4.2; 1; 100; 1; 0; true; 0.8748160663165223; 0.9488160663165223; 0.074; 1; 0.074;-1;4.2
4.2; 1; 107; 1; 7; true; 0.9238318470333686; 0.9978318470333686; 0.074; 1; 0.074;-1;4.2
4.2; 1; 117; 1; 17; true; 0.9085786420155184; 0.9825786420155184; 0.074; 1; 0.074;-1;4.2
4.2; 1; 131; 1; 31; true; 0.5657283303665204; 0.6397283303665203; 0.074; 1; 0.074;-1;4.2
4.2; 1; 115; 1; 15; true; 0.1710900769634472; 0.2450900769634473; 0.074; 1; 0.074;-1;4.2
4.2; 1; 132; 1; 32; true; 0.6455998878550382; 0.7195998878550381; 0.074; 1; 0.074;-1;4.2
4.2; 1; 135; 1; 35; true; 0.5538902972692548; 0.6278902972692547; 0.074; 1; 0.074;-1;4.2
4.2; 1; 137; 1; 37; true; 0.4890759084796998; 0.5630759084796998; 0.074; 1; 0.074;-1;4.2
4.2; 1; 103; 1; 3; true; 0.4279362204145645; 0.5019362204145644; 0.074; 1; 0.074;-1;4.2
4.2; 1; 123; 1; 23; true; 0.0795906809255865; 0.1535906809255865; 0.074; 1; 0.074;-1;4.2
4.2; 1; 118; 1; 18; true; 0.2295571509792247; 0.3035571509792247; 0.074; 1; 0.074;-1;4.2
4.2; 1; 112; 1; 12; true; 0.1037470318847341; 0.1777470318847341; 0.074; 1; 0.074;-1;4.2
4.2; 1; 120; 1; 20; true; 0.756088306103702; 0.830088306103702; 0.074; 1; 0.074;-1;4.2
4.2; 1; 138; 1; 38; true; 0.0548224007666506; 0.1288224007666506; 0.074; 1; 0.074;-1;4.2
4.2; 1; 109; 1; 9; true; 0.742410954592122; 0.816410954592122; 0.074; 1; 0.074;-1;4.2
4.2; 1; 127; 1; 27; true; 0.0159999999999999; 0.0899999999999999; 0.074; 1; 0.074;-1;4.2
4.2; 1; 124; 1; 24; true; 0.707875552616686; 0.781875552616686; 0.074; 1; 0.074;-1;4.2
4.2; 1; 114; 1; 14; true; 0.7017116938002637; 0.7757116938002636; 0.074; 1; 0.074;-1;4.2
4.2; 1; 104; 1; 4; true; 0.859082187026333; 0.9330821870263329; 0.074; 1; 0.074;-1;4.2
4.2; 1; 122; 1; 22; true; 0.2520836112232265; 0.3260836112232265; 0.074; 1; 0.074;-1;4.2
4.2; 1; 121; 1; 21; true; 0.8524233179673657; 0.9264233179673657; 0.074; 1; 0.074;-1;4.2
4.2; 1; 105; 1; 5; true; 0.116233786061633; 0.190233786061633; 0.074; 1; 0.074;-1;4.2
4.2; 1; 102; 1; 2; true; 0.519828011649865; 0.593828011649865; 0.074; 1; 0.074;-1;4.2
5.2; 1; 105; 1; 5; true; 0.120233786061633; 0.194233786061633; 0.074; 1; 0.074;-1;5.2
5.2; 0; 144; 0; 44; true; 0.8703089869162377; 0.9453089869162377; 0.075; 1; 0.075;-1;5.2
5.2; 1; 102; 1; 2; true; 0.523828011649865; 0.597828011649865; 0.074; 1; 0.074;-1;5.2
5.2; 2; 105; 2; 5; true; 0.101538290672311; 0.175538290672311; 0.074; 1; 0.074;-1;5.2
5.2; 1; 135; 1; 35; true; 0.5578902972692548; 0.6318902972692547; 0.074; 1; 0.074;-1;5.2
5.2; 1; 113; 1; 13; true; 0.5837809212321645; 0.6577809212321645; 0.074; 1; 0.074;-1;5.2
5.2; 0; 148; 0; 48; true; 0.1543886418198597; 0.2293886418198597; 0.075; 1; 0.075;-1;5.2
5.2; 1; 128; 1; 28; true; 0.6540455771071978; 0.7280455771071977; 0.074; 1; 0.074;-1;5.2
5.2; 0; 122; 0; 22; true; 0.770454558073707; 0.845454558073707; 0.075; 1; 0.075;-1;5.2
5.2; 2; 102; 2; 2; true; 0.7692960848552259; 0.8432960848552259; 0.074; 1; 0.074;-1;5.2
5.2; 0; 147; 0; 47; true; 0.217750160866207; 0.292750160866207; 0.075; 1; 0.075;-1;5.2
5.2; 2; 133; 2; 33; true; 0.8398917493627736; 0.9138917493627735; 0.074; 1; 0.074;-1;5.2
5.2; 2; 113; 2; 13; true; 0.128637335391364; 0.202637335391364; 0.074; 1; 0.074;-1;5.2
5.2; 2; 128; 2; 28; true; 0.6207447498500123; 0.6947447498500122; 0.074; 1; 0.074;-1;5.2
5.2; 2; 111; 2; 11; true; 0.1149129184490793; 0.1889129184490793; 0.074; 1; 0.074;-1;5.2
5.2; 2; 125; 2; 25; true; 1.1351546859169515; 1.2091546859169515; 0.074; 1; 0.074;9.981150351071108;5.2
5.2; 2; 117; 2; 17; true; 0.2689768340144875; 0.3429768340144875; 0.074; 1; 0.074;-1;5.2
5.2; 2; 118; 2; 18; true; 0.156562884016976; 0.2305628840169761; 0.074; 1; 0.074;-1;5.2
5.2; 2; 101; 2; 1; true; 0.8186203551731828; 0.8926203551731827; 0.074; 1; 0.074;-1;5.2
5.2; 2; 106; 2; 6; true; 0.720607284395155; 0.7946072843951549; 0.074; 1; 0.074;-1;5.2
5.2; 2; 116; 2; 16; true; 0.7518255170601114; 0.8258255170601113; 0.074; 1; 0.074;-1;5.2
5.2; 2; 115; 2; 15; true; 0.594809455418426; 0.668809455418426; 0.074; 1; 0.074;-1;5.2
5.2; 2; 126; 2; 26; true; 0.2880192304714778; 0.3620192304714778; 0.074; 1; 0.074;-1;5.2
5.2; 2; 119; 2; 19; true; 0.0440681272467344; 0.1180681272467344; 0.074; 1; 0.074;-1;5.2
5.2; 2; 130; 2; 30; true; 0.8620010392760349; 0.9360010392760348; 0.074; 1; 0.074;-1;5.2
5.2; 2; 129; 2; 29; true; 0.3038458644471377; 0.3778458644471377; 0.074; 1; 0.074;-1;5.2
5.2; 2; 139; 2; 39; true; 1.1355768952183432; 1.2095768952183432; 0.074; 1; 0.074;9.971518343938492;5.2
5.2; 2; 131; 2; 31; true; 0.2291047695527951; 0.3031047695527951; 0.074; 1; 0.074;-1;5.2
5.2; 2; 132; 2; 32; true; 0.7852939488167983; 0.8592939488167982; 0.074; 1; 0.074;-1;5.2
5.2; 2; 100; 2; 0; true; 0.8808197745967994; 0.9548197745967993; 0.074; 1; 0.074;-1;5.2
5.2; 2; 110; 2; 10; true; 0.9176190851717272; 0.9916190851717271; 0.074; 1; 0.074;-1;5.2
5.2; 2; 136; 2; 36; true; 0.5063479667829334; 0.5803479667829333; 0.074; 1; 0.074;-1;5.2
5.2; 2; 107; 2; 7; true; 0.4502488425623345; 0.5242488425623345; 0.074; 1; 0.074;-1;5.2
5.2; 2; 103; 2; 3; true; 0.0625126100801621; 0.1365126100801621; 0.074; 1; 0.074;-1;5.2
5.2; 2; 121; 2; 21; true; 0.3498818134139019; 0.4238818134139019; 0.074; 1; 0.074;-1;5.2
5.2; 2; 108; 2; 8; true; 0.1182184214944619; 0.1922184214944619; 0.074; 1; 0.074;-1;5.2
5.2; 2; 123; 2; 23; true; 0.1903667305307972; 0.2643667305307972; 0.074; 1; 0.074;-1;5.2
5.2; 2; 134; 2; 34; true; 0.5256632003302493; 0.5996632003302492; 0.074; 1; 0.074;-1;5.2
5.2; 2; 135; 2; 35; true; 0.0946230101804068; 0.1686230101804068; 0.074; 1; 0.074;-1;5.2
5.2; 2; 137; 2; 37; true; 0.1922279414586511; 0.2662279414586511; 0.074; 1; 0.074;-1;5.2
5.2; 2; 138; 2; 38; true; 0.4802463691108596; 0.5542463691108596; 0.074; 1; 0.074;-1;5.2
5.2; 2; 112; 2; 12; true; 0.9452034296688656; 1.0192034296688657; 0.074; 1; 0.074;-1;5.2
5.2; 2; 122; 2; 22; true; 0.1943370846835208; 0.2683370846835209; 0.074; 1; 0.074;-1;5.2
5.2; 2; 127; 2; 27; true; 0.669824713262587; 0.7438247132625869; 0.074; 1; 0.074;-1;5.2
5.2; 2; 120; 2; 20; true; 0.6952790485434879; 0.7692790485434878; 0.074; 1; 0.074;-1;5.2
5.2; 2; 109; 2; 9; true; 0.1718797273590223; 0.2458797273590224; 0.074; 1; 0.074;-1;5.2
5.2; 2; 104; 2; 4; true; 0.5760941347564821; 0.650094134756482; 0.074; 1; 0.074;-1;5.2
5.2; 2; 124; 2; 24; true; 0.6265826485524859; 0.7005826485524859; 0.074; 1; 0.074;-1;5.2
5.2; 2; 114; 2; 14; true; 0.438324722834909; 0.512324722834909; 0.074; 1; 0.074;-1;5.2
6.2; 2; 124; 2; 24; true; 0.6305826485524859; 0.7045826485524859; 0.074; 1; 0.074;-1;6.2
6.2; 2; 114; 2; 14; true; 0.442324722834909; 0.516324722834909; 0.074; 1; 0.074;-1;6.2
5.2; 1; 134; 1; 34; true; 0.2372010398354302; 0.3112010398354302; 0.074; 1; 0.074;-1;5.2
5.2; 0; 104; 0; 4; true; 0.7525803669529967; 0.8275803669529966; 0.075; 1; 0.075;-1;5.2
5.2; 1; 125; 1; 25; true; 0.8080069377764527; 0.8820069377764527; 0.074; 1; 0.074;-1;5.2
6.2; 2; 136; 2; 36; true; 0.5103479667829334; 0.5843479667829333; 0.074; 1; 0.074;-1;6.2
5.2; 1; 111; 1; 11; true; 0.1456659901802848; 0.2196659901802848; 0.074; 1; 0.074;-1;5.2
5.2; 1; 108; 1; 8; true; 0.1672530460226737; 0.2412530460226737; 0.074; 1; 0.074;-1;5.2
5.2; 1; 101; 1; 1; true; 0.2008916420611639; 0.274891642061164; 0.074; 1; 0.074;-1;5.2
5.2; 1; 106; 1; 6; true; 0.2899893309735543; 0.3639893309735543; 0.074; 1; 0.074;-1;5.2
5.2; 1; 139; 1; 39; true; 0.1878843736511667; 0.2618843736511667; 0.074; 1; 0.074;-1;5.2
5.2; 1; 126; 1; 26; true; 0.291456399883089; 0.365456399883089; 0.074; 1; 0.074;-1;5.2
5.2; 1; 119; 1; 19; true; 0.4211749074687005; 0.4951749074687005; 0.074; 1; 0.074;-1;5.2
5.2; 1; 110; 1; 10; true; 0.7674305593532713; 0.8414305593532713; 0.074; 1; 0.074;-1;5.2
5.2; 1; 129; 1; 29; true; 0.1696351552608764; 0.2436351552608764; 0.074; 1; 0.074;-1;5.2
5.2; 1; 130; 1; 30; true; 0.842678948219727; 0.916678948219727; 0.074; 1; 0.074;-1;5.2
5.2; 1; 132; 1; 32; true; 0.6495998878550382; 0.7235998878550381; 0.074; 1; 0.074;-1;5.2
5.2; 1; 107; 1; 7; true; 0.9278318470333686; 1.0018318470333687; 0.074; 1; 0.074;-1;5.2
5.2; 1; 116; 1; 16; true; 0.0830001661866247; 0.1570001661866247; 0.074; 1; 0.074;-1;5.2
5.2; 1; 136; 1; 36; true; 0.9268832111834158; 1.0008832111834158; 0.074; 1; 0.074;-1;5.2
5.2; 1; 100; 1; 0; true; 0.8788160663165223; 0.9528160663165223; 0.074; 1; 0.074;-1;5.2
5.2; 1; 115; 1; 15; true; 0.1750900769634472; 0.2490900769634473; 0.074; 1; 0.074;-1;5.2
5.2; 1; 117; 1; 17; true; 0.9125786420155184; 0.9865786420155184; 0.074; 1; 0.074;-1;5.2
5.2; 1; 131; 1; 31; true; 0.5697283303665204; 0.6437283303665203; 0.074; 1; 0.074;-1;5.2
5.2; 1; 121; 1; 21; true; 0.8564233179673657; 0.9304233179673657; 0.074; 1; 0.074;-1;5.2
5.2; 1; 120; 1; 20; true; 0.760088306103702; 0.834088306103702; 0.074; 1; 0.074;-1;5.2
5.2; 1; 103; 1; 3; true; 0.4319362204145644; 0.5059362204145644; 0.074; 1; 0.074;-1;5.2
5.2; 1; 133; 1; 33; true; 2.775869482649915; 2.8498694826499147; 0.074; 1; 0.074;5.740578678322491;5.2
5.2; 1; 137; 1; 37; true; 0.4930759084796998; 0.5670759084796998; 0.074; 1; 0.074;-1;5.2
5.2; 1; 112; 1; 12; true; 0.1077470318847341; 0.1817470318847341; 0.074; 1; 0.074;-1;5.2
5.2; 0; 125; 0; 25; true; 0.3779592814852574; 0.4529592814852574; 0.075; 1; 0.075;-1;5.2
5.2; 0; 123; 0; 23; true; 0.154582116838638; 0.229582116838638; 0.075; 1; 0.075;-1;5.2
5.2; 0; 141; 0; 41; true; 0.8775609957156838; 0.9525609957156838; 0.075; 1; 0.075;-1;5.2
5.2; 0; 101; 0; 1; true; 0.2411881891872053; 0.3161881891872053; 0.075; 1; 0.075;-1;5.2
5.2; 0; 106; 0; 6; true; 0.6852212311427346; 0.7602212311427345; 0.075; 1; 0.075;-1;5.2
5.2; 0; 113; 0; 13; true; 0.0579537402693313; 0.1329537402693313; 0.075; 1; 0.075;-1;5.2
5.2; 0; 115; 0; 15; true; 0.3832956589687934; 0.4582956589687934; 0.075; 1; 0.075;-1;5.2
5.2; 0; 128; 0; 28; true; 0.8629347583251143; 0.9379347583251143; 0.075; 1; 0.075;-1;5.2
5.2; 0; 121; 0; 21; true; 0.378